index,GHO (CODE),GHO (DISPLAY),GHO (URL),DATASOURCE (CODE),DATASOURCE (DISPLAY),DATASOURCE (URL),PUBLISHSTATE (CODE),PUBLISHSTATE (DISPLAY),PUBLISHSTATE (URL),YEAR (CODE),YEAR (DISPLAY),YEAR (URL),REGION (CODE),STARTYEAR,ENDYEAR,REGION (DISPLAY),REGION (URL),WORLDBANKINCOMEGROUP (CODE),WORLDBANKINCOMEGROUP (DISPLAY),WORLDBANKINCOMEGROUP (URL),COUNTRY (CODE),COUNTRY (DISPLAY),COUNTRY (URL),Display Value,Numeric,Low,High,StdErr,StdDev,Comments
0,#indicator+code,#indicator+name,#indicator+url,,#meta+source,,#status+code,#status+name,,,#date+year,,#region+code,#date+year+start,#date+year+end,#region+name,,,,,#country+code,#country+name,,,#indicator+value+num,,,,,
1,WHS7_103,Private prepaid plans as a percentage of private expenditure on health,https://www.who.int/data/gho/indicator-metadata-registry/imr-details/120,NHA_NGA,Nigeria note,,PUBLISHED,Published,,1995.0,1995,,AFR,1995,1995,Africa,,WB_LMI,Lower-middle-income,,NGA,Nigeria,,2.88,2.87955,,,,,
2,WHS7_103,Private prepaid plans as a percentage of private expenditure on health,https://www.who.int/data/gho/indicator-metadata-registry/imr-details/120,NHA_NGA,Nigeria note,,PUBLISHED,Published,,1996.0,1996,,AFR,1996,1996,Africa,,WB_LMI,Lower-middle-income,,NGA,Nigeria,,2.69,2.69064,,,,,
3,WHS7_103,Private prepaid plans as a percentage of private expenditure on health,https://www.who.int/data/gho/indicator-metadata-registry/imr-details/120,NHA_NGA,Nigeria note,,PUBLISHED,Published,,1997.0,1997,,AFR,1997,1997,Africa,,WB_LMI,Lower-middle-income,,NGA,Nigeria,,2.84,2.84098,,,,,
4,WHS7_103,Private prepaid plans as a percentage of private expenditure on health,https://www.who.int/data/gho/indicator-metadata-registry/imr-details/120,NHA_NGA,Nigeria note,,PUBLISHED,Published,,1998.0,1998,,AFR,1998,1998,Africa,,WB_LMI,Lower-middle-income,,NGA,Nigeria,,2.42,2.42109,,,,,
5,WHS7_103,Private prepaid plans as a percentage of private expenditure on health,https://www.who.int/data/gho/indicator-metadata-registry/imr-details/120,NHA_NGA,Nigeria note,,PUBLISHED,Published,,1999.0,1999,,AFR,1999,1999,Africa,,WB_LMI,Lower-middle-income,,NGA,Nigeria,,3.36,3.35990,,,,,
6,WHS7_103,Private prepaid plans as a percentage of private expenditure on health,https://www.who.int/data/gho/indicator-metadata-registry/imr-details/120,NHA_NGA,Nigeria note,,PUBLISHED,Published,,2000.0,2000,,AFR,2000,2000,Africa,,WB_LMI,Lower-middle-income,,NGA,Nigeria,,5.05,5.05450,,,,,
7,WHS7_103,Private prepaid plans as a percentage of private expenditure on health,https://www.who.int/data/gho/indicator-metadata-registry/imr-details/120,NHA_NGA,Nigeria note,,PUBLISHED,Published,,2001.0,2001,,AFR,2001,2001,Africa,,WB_LMI,Lower-middle-income,,NGA,Nigeria,,6.51,6.51178,,,,,
8,WHS7_103,Private prepaid plans as a percentage of private expenditure on health,https://www.who.int/data/gho/indicator-metadata-registry/imr-details/120,NHA_NGA,Nigeria note,,PUBLISHED,Published,,2002.0,2002,,AFR,2002,2002,Africa,,WB_LMI,Lower-middle-income,,NGA,Nigeria,,6.67,6.67025,,,,,
9,WHS7_103,Private prepaid plans as a percentage of private expenditure on health,https://www.who.int/data/gho/indicator-metadata-registry/imr-details/120,NHA_NGA,Nigeria note,,PUBLISHED,Published,,2003.0,2003,,AFR,2003,2003,Africa,,WB_LMI,Lower-middle-income,,NGA,Nigeria,,3.06,3.05855,,,,,
10,WHS7_103,Private prepaid plans as a percentage of private expenditure on health,https://www.who.int/data/gho/indicator-metadata-registry/imr-details/120,NHA_NGA,Nigeria note,,PUBLISHED,Published,,2004.0,2004,,AFR,2004,2004,Africa,,WB_LMI,Lower-middle-income,,NGA,Nigeria,,3.44,3.43633,,,,,
11,WHS7_103,Private prepaid plans as a percentage of private expenditure on health,https://www.who.int/data/gho/indicator-metadata-registry/imr-details/120,NHA_NGA,Nigeria note,,PUBLISHED,Published,,2005.0,2005,,AFR,2005,2005,Africa,,WB_LMI,Lower-middle-income,,NGA,Nigeria,,3.1,3.09601,,,,,
12,WHS7_103,Private prepaid plans as a percentage of private expenditure on health,https://www.who.int/data/gho/indicator-metadata-registry/imr-details/120,NHA_NGA,Nigeria note,,PUBLISHED,Published,,2006.0,2006,,AFR,2006,2006,Africa,,WB_LMI,Lower-middle-income,,NGA,Nigeria,,3.09,3.09031,,,,,
13,WHS7_103,Private prepaid plans as a percentage of private expenditure on health,https://www.who.int/data/gho/indicator-metadata-registry/imr-details/120,NHA_NGA,Nigeria note,,PUBLISHED,Published,,2007.0,2007,,AFR,2007,2007,Africa,,WB_LMI,Lower-middle-income,,NGA,Nigeria,,3.1,3.09695,,,,,
14,WHS7_103,Private prepaid plans as a percentage of private expenditure on health,https://www.who.int/data/gho/indicator-metadata-registry/imr-details/120,NHA_NGA,Nigeria note,,PUBLISHED,Published,,2008.0,2008,,AFR,2008,2008,Africa,,WB_LMI,Lower-middle-income,,NGA,Nigeria,,3.09,3.09140,,,,,
15,WHS7_103,Private prepaid plans as a percentage of private expenditure on health,https://www.who.int/data/gho/indicator-metadata-registry/imr-details/120,NHA_NGA,Nigeria note,,PUBLISHED,Published,,2009.0,2009,,AFR,2009,2009,Africa,,WB_LMI,Lower-middle-income,,NGA,Nigeria,,3.1,3.09603,,,,,
16,WHS7_103,Private prepaid plans as a percentage of private expenditure on health,https://www.who.int/data/gho/indicator-metadata-registry/imr-details/120,NHA_NGA,Nigeria note,,PUBLISHED,Published,,2010.0,2010,,AFR,2010,2010,Africa,,WB_LMI,Lower-middle-income,,NGA,Nigeria,,3.09,3.09187,,,,,
17,WHS7_103,Private prepaid plans as a percentage of private expenditure on health,https://www.who.int/data/gho/indicator-metadata-registry/imr-details/120,NHA_NGA,Nigeria note,,PUBLISHED,Published,,2011.0,2011,,AFR,2011,2011,Africa,,WB_LMI,Lower-middle-income,,NGA,Nigeria,,3.09,3.09150,,,,,
18,WHS7_103,Private prepaid plans as a percentage of private expenditure on health,https://www.who.int/data/gho/indicator-metadata-registry/imr-details/120,NHA_NGA,Nigeria note,,PUBLISHED,Published,,2012.0,2012,,AFR,2012,2012,Africa,,WB_LMI,Lower-middle-income,,NGA,Nigeria,,3.09,3.08733,,,,,
19,WHS7_103,Private prepaid plans as a percentage of private expenditure on health,https://www.who.int/data/gho/indicator-metadata-registry/imr-details/120,NHA_NGA,Nigeria note,,PUBLISHED,Published,,2013.0,2013,,AFR,2013,2013,Africa,,WB_LMI,Lower-middle-income,,NGA,Nigeria,,3.1,3.09506,,,,,
20,WHS7_103,Private prepaid plans as a percentage of private expenditure on health,https://www.who.int/data/gho/indicator-metadata-registry/imr-details/120,NHA_NGA,Nigeria note,,PUBLISHED,Published,,2014.0,2014,,AFR,2014,2014,Africa,,WB_LMI,Lower-middle-income,,NGA,Nigeria,,3.09,3.09420,,,,,
21,WHS7_104,Per capita government expenditure on health at average exchange rate (US$),https://www.who.int/data/gho/indicator-metadata-registry/imr-details/109,NHA_NGA,Nigeria note,,PUBLISHED,Published,,1995.0,1995,,AFR,1995,1995,Africa,,WB_LMI,Lower-middle-income,,NGA,Nigeria,,8.95,8.95431,,,,,
22,WHS7_104,Per capita government expenditure on health at average exchange rate (US$),https://www.who.int/data/gho/indicator-metadata-registry/imr-details/109,NHA_NGA,Nigeria note,,PUBLISHED,Published,,1996.0,1996,,AFR,1996,1996,Africa,,WB_LMI,Lower-middle-income,,NGA,Nigeria,,11.11,11.10980,,,,,
23,WHS7_104,Per capita government expenditure on health at average exchange rate (US$),https://www.who.int/data/gho/indicator-metadata-registry/imr-details/109,NHA_NGA,Nigeria note,,PUBLISHED,Published,,1997.0,1997,,AFR,1997,1997,Africa,,WB_LMI,Lower-middle-income,,NGA,Nigeria,,13.45,13.44626,,,,,
24,WHS7_104,Per capita government expenditure on health at average exchange rate (US$),https://www.who.int/data/gho/indicator-metadata-registry/imr-details/109,NHA_NGA,Nigeria note,,PUBLISHED,Published,,1998.0,1998,,AFR,1998,1998,Africa,,WB_LMI,Lower-middle-income,,NGA,Nigeria,,16.05,16.05446,,,,,
25,WHS7_104,Per capita government expenditure on health at average exchange rate (US$),https://www.who.int/data/gho/indicator-metadata-registry/imr-details/109,NHA_NGA,Nigeria note,,PUBLISHED,Published,,1999.0,1999,,AFR,1999,1999,Africa,,WB_LMI,Lower-middle-income,,NGA,Nigeria,,4.74,4.73522,,,,,
26,WHS7_104,Per capita government expenditure on health at average exchange rate (US$),https://www.who.int/data/gho/indicator-metadata-registry/imr-details/109,NHA_NGA,Nigeria note,,PUBLISHED,Published,,2000.0,2000,,AFR,2000,2000,Africa,,WB_LMI,Lower-middle-income,,NGA,Nigeria,,5.76,5.76253,,,,,
27,WHS7_104,Per capita government expenditure on health at average exchange rate (US$),https://www.who.int/data/gho/indicator-metadata-registry/imr-details/109,NHA_NGA,Nigeria note,,PUBLISHED,Published,,2001.0,2001,,AFR,2001,2001,Africa,,WB_LMI,Lower-middle-income,,NGA,Nigeria,,5.73,5.73212,,,,,
28,WHS7_104,Per capita government expenditure on health at average exchange rate (US$),https://www.who.int/data/gho/indicator-metadata-registry/imr-details/109,NHA_NGA,Nigeria note,,PUBLISHED,Published,,2002.0,2002,,AFR,2002,2002,Africa,,WB_LMI,Lower-middle-income,,NGA,Nigeria,,4.57,4.57499,,,,,
29,WHS7_104,Per capita government expenditure on health at average exchange rate (US$),https://www.who.int/data/gho/indicator-metadata-registry/imr-details/109,NHA_NGA,Nigeria note,,PUBLISHED,Published,,2003.0,2003,,AFR,2003,2003,Africa,,WB_LMI,Lower-middle-income,,NGA,Nigeria,,8.63,8.62601,,,,,
30,WHS7_104,Per capita government expenditure on health at average exchange rate (US$),https://www.who.int/data/gho/indicator-metadata-registry/imr-details/109,NHA_NGA,Nigeria note,,PUBLISHED,Published,,2004.0,2004,,AFR,2004,2004,Africa,,WB_LMI,Lower-middle-income,,NGA,Nigeria,,14.69,14.69121,,,,,
31,WHS7_104,Per capita government expenditure on health at average exchange rate (US$),https://www.who.int/data/gho/indicator-metadata-registry/imr-details/109,NHA_NGA,Nigeria note,,PUBLISHED,Published,,2005.0,2005,,AFR,2005,2005,Africa,,WB_LMI,Lower-middle-income,,NGA,Nigeria,,15.48,15.48483,,,,,
32,WHS7_104,Per capita government expenditure on health at average exchange rate (US$),https://www.who.int/data/gho/indicator-metadata-registry/imr-details/109,NHA_NGA,Nigeria note,,PUBLISHED,Published,,2006.0,2006,,AFR,2006,2006,Africa,,WB_LMI,Lower-middle-income,,NGA,Nigeria,,20.1,20.09883,,,,,
33,WHS7_104,Per capita government expenditure on health at average exchange rate (US$),https://www.who.int/data/gho/indicator-metadata-registry/imr-details/109,NHA_NGA,Nigeria note,,PUBLISHED,Published,,2007.0,2007,,AFR,2007,2007,Africa,,WB_LMI,Lower-middle-income,,NGA,Nigeria,,26.79,26.78822,,,,,
34,WHS7_104,Per capita government expenditure on health at average exchange rate (US$),https://www.who.int/data/gho/indicator-metadata-registry/imr-details/109,NHA_NGA,Nigeria note,,PUBLISHED,Published,,2008.0,2008,,AFR,2008,2008,Africa,,WB_LMI,Lower-middle-income,,NGA,Nigeria,,32.55,32.54814,,,,,
35,WHS7_104,Per capita government expenditure on health at average exchange rate (US$),https://www.who.int/data/gho/indicator-metadata-registry/imr-details/109,NHA_NGA,Nigeria note,,PUBLISHED,Published,,2009.0,2009,,AFR,2009,2009,Africa,,WB_LMI,Lower-middle-income,,NGA,Nigeria,,23.26,23.26055,,,,,
36,WHS7_104,Per capita government expenditure on health at average exchange rate (US$),https://www.who.int/data/gho/indicator-metadata-registry/imr-details/109,NHA_NGA,Nigeria note,,PUBLISHED,Published,,2010.0,2010,,AFR,2010,2010,Africa,,WB_LMI,Lower-middle-income,,NGA,Nigeria,,21.03,21.03331,,,,,
37,WHS7_104,Per capita government expenditure on health at average exchange rate (US$),https://www.who.int/data/gho/indicator-metadata-registry/imr-details/109,NHA_NGA,Nigeria note,,PUBLISHED,Published,,2011.0,2011,,AFR,2011,2011,Africa,,WB_LMI,Lower-middle-income,,NGA,Nigeria,,29.12,29.11857,,,,,
38,WHS7_104,Per capita government expenditure on health at average exchange rate (US$),https://www.who.int/data/gho/indicator-metadata-registry/imr-details/109,NHA_NGA,Nigeria note,,PUBLISHED,Published,,2012.0,2012,,AFR,2012,2012,Africa,,WB_LMI,Lower-middle-income,,NGA,Nigeria,,28.31,28.30719,,,,,
39,WHS7_104,Per capita government expenditure on health at average exchange rate (US$),https://www.who.int/data/gho/indicator-metadata-registry/imr-details/109,NHA_NGA,Nigeria note,,PUBLISHED,Published,,2013.0,2013,,AFR,2013,2013,Africa,,WB_LMI,Lower-middle-income,,NGA,Nigeria,,26.3,26.30091,,,,,
40,WHS7_104,Per capita government expenditure on health at average exchange rate (US$),https://www.who.int/data/gho/indicator-metadata-registry/imr-details/109,NHA_NGA,Nigeria note,,PUBLISHED,Published,,2014.0,2014,,AFR,2014,2014,Africa,,WB_LMI,Lower-middle-income,,NGA,Nigeria,,29.55,29.55105,,,,,
41,WHS7_105,Per capita total expenditure on health (PPP int. $),https://www.who.int/data/gho/indicator-metadata-registry/imr-details/110,NHA_NGA,Nigeria note,,PUBLISHED,Published,,1995.0,1995,,AFR,1995,1995,Africa,,WB_LMI,Lower-middle-income,,NGA,Nigeria,,88.97,88.96537,,,,,
42,WHS7_105,Per capita total expenditure on health (PPP int. $),https://www.who.int/data/gho/indicator-metadata-registry/imr-details/110,NHA_NGA,Nigeria note,,PUBLISHED,Published,,1996.0,1996,,AFR,1996,1996,Africa,,WB_LMI,Lower-middle-income,,NGA,Nigeria,,97.67,97.66675,,,,,
43,WHS7_105,Per capita total expenditure on health (PPP int. $),https://www.who.int/data/gho/indicator-metadata-registry/imr-details/110,NHA_NGA,Nigeria note,,PUBLISHED,Published,,1997.0,1997,,AFR,1997,1997,Africa,,WB_LMI,Lower-middle-income,,NGA,Nigeria,,99.6,99.60255,,,,,
44,WHS7_105,Per capita total expenditure on health (PPP int. $),https://www.who.int/data/gho/indicator-metadata-registry/imr-details/110,NHA_NGA,Nigeria note,,PUBLISHED,Published,,1998.0,1998,,AFR,1998,1998,Africa,,WB_LMI,Lower-middle-income,,NGA,Nigeria,,119.97,119.97173,,,,,
45,WHS7_105,Per capita total expenditure on health (PPP int. $),https://www.who.int/data/gho/indicator-metadata-registry/imr-details/110,NHA_NGA,Nigeria note,,PUBLISHED,Published,,1999.0,1999,,AFR,1999,1999,Africa,,WB_LMI,Lower-middle-income,,NGA,Nigeria,,116.23,116.22647,,,,,
46,WHS7_105,Per capita total expenditure on health (PPP int. $),https://www.who.int/data/gho/indicator-metadata-registry/imr-details/110,NHA_NGA,Nigeria note,,PUBLISHED,Published,,2000.0,2000,,AFR,2000,2000,Africa,,WB_LMI,Lower-middle-income,,NGA,Nigeria,,102.55,102.55061,,,,,
47,WHS7_105,Per capita total expenditure on health (PPP int. $),https://www.who.int/data/gho/indicator-metadata-registry/imr-details/110,NHA_NGA,Nigeria note,,PUBLISHED,Published,,2001.0,2001,,AFR,2001,2001,Africa,,WB_LMI,Lower-middle-income,,NGA,Nigeria,,122.19,122.18986,,,,,
48,WHS7_105,Per capita total expenditure on health (PPP int. $),https://www.who.int/data/gho/indicator-metadata-registry/imr-details/110,NHA_NGA,Nigeria note,,PUBLISHED,Published,,2002.0,2002,,AFR,2002,2002,Africa,,WB_LMI,Lower-middle-income,,NGA,Nigeria,,94.04,94.04044,,,,,
49,WHS7_105,Per capita total expenditure on health (PPP int. $),https://www.who.int/data/gho/indicator-metadata-registry/imr-details/110,NHA_NGA,Nigeria note,,PUBLISHED,Published,,2003.0,2003,,AFR,2003,2003,Africa,,WB_LMI,Lower-middle-income,,NGA,Nigeria,,199.1,199.10158,,,,,
50,WHS7_105,Per capita total expenditure on health (PPP int. $),https://www.who.int/data/gho/indicator-metadata-registry/imr-details/110,NHA_NGA,Nigeria note,,PUBLISHED,Published,,2004.0,2004,,AFR,2004,2004,Africa,,WB_LMI,Lower-middle-income,,NGA,Nigeria,,245.93,245.92971,,,,,
51,WHS7_105,Per capita total expenditure on health (PPP int. $),https://www.who.int/data/gho/indicator-metadata-registry/imr-details/110,NHA_NGA,Nigeria note,,PUBLISHED,Published,,2005.0,2005,,AFR,2005,2005,Africa,,WB_LMI,Lower-middle-income,,NGA,Nigeria,,242.76,242.76003,,,,,
52,WHS7_105,Per capita total expenditure on health (PPP int. $),https://www.who.int/data/gho/indicator-metadata-registry/imr-details/110,NHA_NGA,Nigeria note,,PUBLISHED,Published,,2006.0,2006,,AFR,2006,2006,Africa,,WB_LMI,Lower-middle-income,,NGA,Nigeria,,234.89,234.89217,,,,,
53,WHS7_105,Per capita total expenditure on health (PPP int. $),https://www.who.int/data/gho/indicator-metadata-registry/imr-details/110,NHA_NGA,Nigeria note,,PUBLISHED,Published,,2007.0,2007,,AFR,2007,2007,Africa,,WB_LMI,Lower-middle-income,,NGA,Nigeria,,306.94,306.93829,,,,,
54,WHS7_105,Per capita total expenditure on health (PPP int. $),https://www.who.int/data/gho/indicator-metadata-registry/imr-details/110,NHA_NGA,Nigeria note,,PUBLISHED,Published,,2008.0,2008,,AFR,2008,2008,Africa,,WB_LMI,Lower-middle-income,,NGA,Nigeria,,289.45,289.45343,,,,,
55,WHS7_105,Per capita total expenditure on health (PPP int. $),https://www.who.int/data/gho/indicator-metadata-registry/imr-details/110,NHA_NGA,Nigeria note,,PUBLISHED,Published,,2009.0,2009,,AFR,2009,2009,Africa,,WB_LMI,Lower-middle-income,,NGA,Nigeria,,321.65,321.64898,,,,,
56,WHS7_105,Per capita total expenditure on health (PPP int. $),https://www.who.int/data/gho/indicator-metadata-registry/imr-details/110,NHA_NGA,Nigeria note,,PUBLISHED,Published,,2010.0,2010,,AFR,2010,2010,Africa,,WB_LMI,Lower-middle-income,,NGA,Nigeria,,174.19,174.19214,,,,,
57,WHS7_105,Per capita total expenditure on health (PPP int. $),https://www.who.int/data/gho/indicator-metadata-registry/imr-details/110,NHA_NGA,Nigeria note,,PUBLISHED,Published,,2011.0,2011,,AFR,2011,2011,Africa,,WB_LMI,Lower-middle-income,,NGA,Nigeria,,192.85,192.85273,,,,,
58,WHS7_105,Per capita total expenditure on health (PPP int. $),https://www.who.int/data/gho/indicator-metadata-registry/imr-details/110,NHA_NGA,Nigeria note,,PUBLISHED,Published,,2012.0,2012,,AFR,2012,2012,Africa,,WB_LMI,Lower-middle-income,,NGA,Nigeria,,178.31,178.31015,,,,,
59,WHS7_105,Per capita total expenditure on health (PPP int. $),https://www.who.int/data/gho/indicator-metadata-registry/imr-details/110,NHA_NGA,Nigeria note,,PUBLISHED,Published,,2013.0,2013,,AFR,2013,2013,Africa,,WB_LMI,Lower-middle-income,,NGA,Nigeria,,208.46,208.46400,,,,,
60,WHS7_105,Per capita total expenditure on health (PPP int. $),https://www.who.int/data/gho/indicator-metadata-registry/imr-details/110,NHA_NGA,Nigeria note,,PUBLISHED,Published,,2014.0,2014,,AFR,2014,2014,Africa,,WB_LMI,Lower-middle-income,,NGA,Nigeria,,216.87,216.87117,,,,,
61,WHS7_108,Per capita government expenditure on health (PPP int. $),https://www.who.int/data/gho/indicator-metadata-registry/imr-details/108,NHA_NGA,Nigeria note,,PUBLISHED,Published,,1995.0,1995,,AFR,1995,1995,Africa,,WB_LMI,Lower-middle-income,,NGA,Nigeria,,21.14,21.13963,,,,,
62,WHS7_108,Per capita government expenditure on health (PPP int. $),https://www.who.int/data/gho/indicator-metadata-registry/imr-details/108,NHA_NGA,Nigeria note,,PUBLISHED,Published,,1996.0,1996,,AFR,1996,1996,Africa,,WB_LMI,Lower-middle-income,,NGA,Nigeria,,20.11,20.11195,,,,,
63,WHS7_108,Per capita government expenditure on health (PPP int. $),https://www.who.int/data/gho/indicator-metadata-registry/imr-details/108,NHA_NGA,Nigeria note,,PUBLISHED,Published,,1997.0,1997,,AFR,1997,1997,Africa,,WB_LMI,Lower-middle-income,,NGA,Nigeria,,24.51,24.51173,,,,,
64,WHS7_108,Per capita government expenditure on health (PPP int. $),https://www.who.int/data/gho/indicator-metadata-registry/imr-details/108,NHA_NGA,Nigeria note,,PUBLISHED,Published,,1998.0,1998,,AFR,1998,1998,Africa,,WB_LMI,Lower-middle-income,,NGA,Nigeria,,31.36,31.36068,,,,,
65,WHS7_108,Per capita government expenditure on health (PPP int. $),https://www.who.int/data/gho/indicator-metadata-registry/imr-details/108,NHA_NGA,Nigeria note,,PUBLISHED,Published,,1999.0,1999,,AFR,1999,1999,Africa,,WB_LMI,Lower-middle-income,,NGA,Nigeria,,33.85,33.85077,,,,,
66,WHS7_108,Per capita government expenditure on health (PPP int. $),https://www.who.int/data/gho/indicator-metadata-registry/imr-details/108,NHA_NGA,Nigeria note,,PUBLISHED,Published,,2000.0,2000,,AFR,2000,2000,Africa,,WB_LMI,Lower-middle-income,,NGA,Nigeria,,34.31,34.31392,,,,,
67,WHS7_108,Per capita government expenditure on health (PPP int. $),https://www.who.int/data/gho/indicator-metadata-registry/imr-details/108,NHA_NGA,Nigeria note,,PUBLISHED,Published,,2001.0,2001,,AFR,2001,2001,Africa,,WB_LMI,Lower-middle-income,,NGA,Nigeria,,38.31,38.30705,,,,,
68,WHS7_108,Per capita government expenditure on health (PPP int. $),https://www.who.int/data/gho/indicator-metadata-registry/imr-details/108,NHA_NGA,Nigeria note,,PUBLISHED,Published,,2002.0,2002,,AFR,2002,2002,Africa,,WB_LMI,Lower-middle-income,,NGA,Nigeria,,24.05,24.05493,,,,,
69,WHS7_108,Per capita government expenditure on health (PPP int. $),https://www.who.int/data/gho/indicator-metadata-registry/imr-details/108,NHA_NGA,Nigeria note,,PUBLISHED,Published,,2003.0,2003,,AFR,2003,2003,Africa,,WB_LMI,Lower-middle-income,,NGA,Nigeria,,44.61,44.60606,,,,,
70,WHS7_108,Per capita government expenditure on health (PPP int. $),https://www.who.int/data/gho/indicator-metadata-registry/imr-details/108,NHA_NGA,Nigeria note,,PUBLISHED,Published,,2004.0,2004,,AFR,2004,2004,Africa,,WB_LMI,Lower-middle-income,,NGA,Nigeria,,80.4,80.40004,,,,,
71,WHS7_108,Per capita government expenditure on health (PPP int. $),https://www.who.int/data/gho/indicator-metadata-registry/imr-details/108,NHA_NGA,Nigeria note,,PUBLISHED,Published,,2005.0,2005,,AFR,2005,2005,Africa,,WB_LMI,Lower-middle-income,,NGA,Nigeria,,70.81,70.81191,,,,,
72,WHS7_108,Per capita government expenditure on health (PPP int. $),https://www.who.int/data/gho/indicator-metadata-registry/imr-details/108,NHA_NGA,Nigeria note,,PUBLISHED,Published,,2006.0,2006,,AFR,2006,2006,Africa,,WB_LMI,Lower-middle-income,,NGA,Nigeria,,77.38,77.37548,,,,,
73,WHS7_108,Per capita government expenditure on health (PPP int. $),https://www.who.int/data/gho/indicator-metadata-registry/imr-details/108,NHA_NGA,Nigeria note,,PUBLISHED,Published,,2007.0,2007,,AFR,2007,2007,Africa,,WB_LMI,Lower-middle-income,,NGA,Nigeria,,101.05,101.05161,,,,,
74,WHS7_108,Per capita government expenditure on health (PPP int. $),https://www.who.int/data/gho/indicator-metadata-registry/imr-details/108,NHA_NGA,Nigeria note,,PUBLISHED,Published,,2008.0,2008,,AFR,2008,2008,Africa,,WB_LMI,Lower-middle-income,,NGA,Nigeria,,106.43,106.42962,,,,,
75,WHS7_108,Per capita government expenditure on health (PPP int. $),https://www.who.int/data/gho/indicator-metadata-registry/imr-details/108,NHA_NGA,Nigeria note,,PUBLISHED,Published,,2009.0,2009,,AFR,2009,2009,Africa,,WB_LMI,Lower-middle-income,,NGA,Nigeria,,100.61,100.60890,,,,,
76,WHS7_108,Per capita government expenditure on health (PPP int. $),https://www.who.int/data/gho/indicator-metadata-registry/imr-details/108,NHA_NGA,Nigeria note,,PUBLISHED,Published,,2010.0,2010,,AFR,2010,2010,Africa,,WB_LMI,Lower-middle-income,,NGA,Nigeria,,45.6,45.60336,,,,,
77,WHS7_108,Per capita government expenditure on health (PPP int. $),https://www.who.int/data/gho/indicator-metadata-registry/imr-details/108,NHA_NGA,Nigeria note,,PUBLISHED,Published,,2011.0,2011,,AFR,2011,2011,Africa,,WB_LMI,Lower-middle-income,,NGA,Nigeria,,60.24,60.23616,,,,,
78,WHS7_108,Per capita government expenditure on health (PPP int. $),https://www.who.int/data/gho/indicator-metadata-registry/imr-details/108,NHA_NGA,Nigeria note,,PUBLISHED,Published,,2012.0,2012,,AFR,2012,2012,Africa,,WB_LMI,Lower-middle-income,,NGA,Nigeria,,55.84,55.84114,,,,,
79,WHS7_108,Per capita government expenditure on health (PPP int. $),https://www.who.int/data/gho/indicator-metadata-registry/imr-details/108,NHA_NGA,Nigeria note,,PUBLISHED,Published,,2013.0,2013,,AFR,2013,2013,Africa,,WB_LMI,Lower-middle-income,,NGA,Nigeria,,49.68,49.67594,,,,,
80,WHS7_108,Per capita government expenditure on health (PPP int. $),https://www.who.int/data/gho/indicator-metadata-registry/imr-details/108,NHA_NGA,Nigeria note,,PUBLISHED,Published,,2014.0,2014,,AFR,2014,2014,Africa,,WB_LMI,Lower-middle-income,,NGA,Nigeria,,54.53,54.53319,,,,,
81,WHS7_113,General government expenditure on health as a percentage of total government expenditure,https://www.who.int/data/gho/indicator-metadata-registry/imr-details/93,NHA_NGA,Nigeria note,,PUBLISHED,Published,,1995.0,1995,,AFR,1995,1995,Africa,,WB_LMI,Lower-middle-income,,NGA,Nigeria,,6.09,6.08909,,,,,
82,WHS7_113,General government expenditure on health as a percentage of total government expenditure,https://www.who.int/data/gho/indicator-metadata-registry/imr-details/93,NHA_NGA,Nigeria note,,PUBLISHED,Published,,1996.0,1996,,AFR,1996,1996,Africa,,WB_LMI,Lower-middle-income,,NGA,Nigeria,,6.09,6.08909,,,,,
83,WHS7_113,General government expenditure on health as a percentage of total government expenditure,https://www.who.int/data/gho/indicator-metadata-registry/imr-details/93,NHA_NGA,Nigeria note,,PUBLISHED,Published,,1997.0,1997,,AFR,1997,1997,Africa,,WB_LMI,Lower-middle-income,,NGA,Nigeria,,6.09,6.08909,,,,,
84,WHS7_113,General government expenditure on health as a percentage of total government expenditure,https://www.who.int/data/gho/indicator-metadata-registry/imr-details/93,NHA_NGA,Nigeria note,,PUBLISHED,Published,,1998.0,1998,,AFR,1998,1998,Africa,,WB_LMI,Lower-middle-income,,NGA,Nigeria,,6.09,6.08909,,,,,
85,WHS7_113,General government expenditure on health as a percentage of total government expenditure,https://www.who.int/data/gho/indicator-metadata-registry/imr-details/93,NHA_NGA,Nigeria note,,PUBLISHED,Published,,1999.0,1999,,AFR,1999,1999,Africa,,WB_LMI,Lower-middle-income,,NGA,Nigeria,,4.46,4.45508,,,,,
86,WHS7_113,General government expenditure on health as a percentage of total government expenditure,https://www.who.int/data/gho/indicator-metadata-registry/imr-details/93,NHA_NGA,Nigeria note,,PUBLISHED,Published,,2000.0,2000,,AFR,2000,2000,Africa,,WB_LMI,Lower-middle-income,,NGA,Nigeria,,5.93,5.92873,,,,,
87,WHS7_113,General government expenditure on health as a percentage of total government expenditure,https://www.who.int/data/gho/indicator-metadata-registry/imr-details/93,NHA_NGA,Nigeria note,,PUBLISHED,Published,,2001.0,2001,,AFR,2001,2001,Africa,,WB_LMI,Lower-middle-income,,NGA,Nigeria,,4.5,4.49776,,,,,
88,WHS7_113,General government expenditure on health as a percentage of total government expenditure,https://www.who.int/data/gho/indicator-metadata-registry/imr-details/93,NHA_NGA,Nigeria note,,PUBLISHED,Published,,2002.0,2002,,AFR,2002,2002,Africa,,WB_LMI,Lower-middle-income,,NGA,Nigeria,,3.73,3.72797,,,,,
89,WHS7_113,General government expenditure on health as a percentage of total government expenditure,https://www.who.int/data/gho/indicator-metadata-registry/imr-details/93,NHA_NGA,Nigeria note,,PUBLISHED,Published,,2003.0,2003,,AFR,2003,2003,Africa,,WB_LMI,Lower-middle-income,,NGA,Nigeria,,5.89,5.89057,,,,,
90,WHS7_113,General government expenditure on health as a percentage of total government expenditure,https://www.who.int/data/gho/indicator-metadata-registry/imr-details/93,NHA_NGA,Nigeria note,,PUBLISHED,Published,,2004.0,2004,,AFR,2004,2004,Africa,,WB_LMI,Lower-middle-income,,NGA,Nigeria,,8.82,8.81636,,,,,
91,WHS7_113,General government expenditure on health as a percentage of total government expenditure,https://www.who.int/data/gho/indicator-metadata-registry/imr-details/93,NHA_NGA,Nigeria note,,PUBLISHED,Published,,2005.0,2005,,AFR,2005,2005,Africa,,WB_LMI,Lower-middle-income,,NGA,Nigeria,,7.3,7.29805,,,,,
92,WHS7_113,General government expenditure on health as a percentage of total government expenditure,https://www.who.int/data/gho/indicator-metadata-registry/imr-details/93,NHA_NGA,Nigeria note,,PUBLISHED,Published,,2006.0,2006,,AFR,2006,2006,Africa,,WB_LMI,Lower-middle-income,,NGA,Nigeria,,8.65,8.64769,,,,,
93,WHS7_113,General government expenditure on health as a percentage of total government expenditure,https://www.who.int/data/gho/indicator-metadata-registry/imr-details/93,NHA_NGA,Nigeria note,,PUBLISHED,Published,,2007.0,2007,,AFR,2007,2007,Africa,,WB_LMI,Lower-middle-income,,NGA,Nigeria,,9.19,9.19336,,,,,
94,WHS7_113,General government expenditure on health as a percentage of total government expenditure,https://www.who.int/data/gho/indicator-metadata-registry/imr-details/93,NHA_NGA,Nigeria note,,PUBLISHED,Published,,2008.0,2008,,AFR,2008,2008,Africa,,WB_LMI,Lower-middle-income,,NGA,Nigeria,,7.63,7.62746,,,,,
95,WHS7_113,General government expenditure on health as a percentage of total government expenditure,https://www.who.int/data/gho/indicator-metadata-registry/imr-details/93,NHA_NGA,Nigeria note,,PUBLISHED,Published,,2009.0,2009,,AFR,2009,2009,Africa,,WB_LMI,Lower-middle-income,,NGA,Nigeria,,7.37,7.36642,,,,,
96,WHS7_113,General government expenditure on health as a percentage of total government expenditure,https://www.who.int/data/gho/indicator-metadata-registry/imr-details/93,NHA_NGA,Nigeria note,,PUBLISHED,Published,,2010.0,2010,,AFR,2010,2010,Africa,,WB_LMI,Lower-middle-income,,NGA,Nigeria,,5.72,5.71575,,,,,
97,WHS7_113,General government expenditure on health as a percentage of total government expenditure,https://www.who.int/data/gho/indicator-metadata-registry/imr-details/93,NHA_NGA,Nigeria note,,PUBLISHED,Published,,2011.0,2011,,AFR,2011,2011,Africa,,WB_LMI,Lower-middle-income,,NGA,Nigeria,,7.42,7.42193,,,,,
98,WHS7_113,General government expenditure on health as a percentage of total government expenditure,https://www.who.int/data/gho/indicator-metadata-registry/imr-details/93,NHA_NGA,Nigeria note,,PUBLISHED,Published,,2012.0,2012,,AFR,2012,2012,Africa,,WB_LMI,Lower-middle-income,,NGA,Nigeria,,7.43,7.43004,,,,,
99,WHS7_113,General government expenditure on health as a percentage of total government expenditure,https://www.who.int/data/gho/indicator-metadata-registry/imr-details/93,NHA_NGA,Nigeria note,,PUBLISHED,Published,,2013.0,2013,,AFR,2013,2013,Africa,,WB_LMI,Lower-middle-income,,NGA,Nigeria,,6.48,6.47716,,,,,
100,WHS7_113,General government expenditure on health as a percentage of total government expenditure,https://www.who.int/data/gho/indicator-metadata-registry/imr-details/93,NHA_NGA,Nigeria note,,PUBLISHED,Published,,2014.0,2014,,AFR,2014,2014,Africa,,WB_LMI,Lower-middle-income,,NGA,Nigeria,,8.17,8.17292,,,,,
101,WHS7_120,External resources for health as a percentage of total expenditure on health,https://www.who.int/data/gho/indicator-metadata-registry/imr-details/91,NHA_NGA,Nigeria note,,PUBLISHED,Published,,1995.0,1995,,AFR,1995,1995,Africa,,WB_LMI,Lower-middle-income,,NGA,Nigeria,,0.46,0.45643,,,,,
102,WHS7_120,External resources for health as a percentage of total expenditure on health,https://www.who.int/data/gho/indicator-metadata-registry/imr-details/91,NHA_NGA,Nigeria note,,PUBLISHED,Published,,1996.0,1996,,AFR,1996,1996,Africa,,WB_LMI,Lower-middle-income,,NGA,Nigeria,,0.22,0.21903,,,,,
103,WHS7_120,External resources for health as a percentage of total expenditure on health,https://www.who.int/data/gho/indicator-metadata-registry/imr-details/91,NHA_NGA,Nigeria note,,PUBLISHED,Published,,1997.0,1997,,AFR,1997,1997,Africa,,WB_LMI,Lower-middle-income,,NGA,Nigeria,,0.32,0.31723,,,,,
104,WHS7_120,External resources for health as a percentage of total expenditure on health,https://www.who.int/data/gho/indicator-metadata-registry/imr-details/91,NHA_NGA,Nigeria note,,PUBLISHED,Published,,1998.0,1998,,AFR,1998,1998,Africa,,WB_LMI,Lower-middle-income,,NGA,Nigeria,,13.08,13.08305,,,,,
105,WHS7_120,External resources for health as a percentage of total expenditure on health,https://www.who.int/data/gho/indicator-metadata-registry/imr-details/91,NHA_NGA,Nigeria note,,PUBLISHED,Published,,1999.0,1999,,AFR,1999,1999,Africa,,WB_LMI,Lower-middle-income,,NGA,Nigeria,,13.85,13.84835,,,,,
106,WHS7_120,External resources for health as a percentage of total expenditure on health,https://www.who.int/data/gho/indicator-metadata-registry/imr-details/91,NHA_NGA,Nigeria note,,PUBLISHED,Published,,2000.0,2000,,AFR,2000,2000,Africa,,WB_LMI,Lower-middle-income,,NGA,Nigeria,,16.22,16.21634,,,,,
107,WHS7_120,External resources for health as a percentage of total expenditure on health,https://www.who.int/data/gho/indicator-metadata-registry/imr-details/91,NHA_NGA,Nigeria note,,PUBLISHED,Published,,2001.0,2001,,AFR,2001,2001,Africa,,WB_LMI,Lower-middle-income,,NGA,Nigeria,,5.57,5.56768,,,,,
108,WHS7_120,External resources for health as a percentage of total expenditure on health,https://www.who.int/data/gho/indicator-metadata-registry/imr-details/91,NHA_NGA,Nigeria note,,PUBLISHED,Published,,2002.0,2002,,AFR,2002,2002,Africa,,WB_LMI,Lower-middle-income,,NGA,Nigeria,,6.14,6.13636,,,,,
109,WHS7_120,External resources for health as a percentage of total expenditure on health,https://www.who.int/data/gho/indicator-metadata-registry/imr-details/91,NHA_NGA,Nigeria note,,PUBLISHED,Published,,2003.0,2003,,AFR,2003,2003,Africa,,WB_LMI,Lower-middle-income,,NGA,Nigeria,,4.23,4.22532,,,,,
110,WHS7_120,External resources for health as a percentage of total expenditure on health,https://www.who.int/data/gho/indicator-metadata-registry/imr-details/91,NHA_NGA,Nigeria note,,PUBLISHED,Published,,2004.0,2004,,AFR,2004,2004,Africa,,WB_LMI,Lower-middle-income,,NGA,Nigeria,,4.47,4.46811,,,,,
111,WHS7_120,External resources for health as a percentage of total expenditure on health,https://www.who.int/data/gho/indicator-metadata-registry/imr-details/91,NHA_NGA,Nigeria note,,PUBLISHED,Published,,2005.0,2005,,AFR,2005,2005,Africa,,WB_LMI,Lower-middle-income,,NGA,Nigeria,,3.7,3.70400,,,,,
112,WHS7_120,External resources for health as a percentage of total expenditure on health,https://www.who.int/data/gho/indicator-metadata-registry/imr-details/91,NHA_NGA,Nigeria note,,PUBLISHED,Published,,2006.0,2006,,AFR,2006,2006,Africa,,WB_LMI,Lower-middle-income,,NGA,Nigeria,,2.73,2.72616,,,,,
113,WHS7_120,External resources for health as a percentage of total expenditure on health,https://www.who.int/data/gho/indicator-metadata-registry/imr-details/91,NHA_NGA,Nigeria note,,PUBLISHED,Published,,2007.0,2007,,AFR,2007,2007,Africa,,WB_LMI,Lower-middle-income,,NGA,Nigeria,,2.98,2.98349,,,,,
114,WHS7_120,External resources for health as a percentage of total expenditure on health,https://www.who.int/data/gho/indicator-metadata-registry/imr-details/91,NHA_NGA,Nigeria note,,PUBLISHED,Published,,2008.0,2008,,AFR,2008,2008,Africa,,WB_LMI,Lower-middle-income,,NGA,Nigeria,,3.85,3.84584,,,,,
115,WHS7_120,External resources for health as a percentage of total expenditure on health,https://www.who.int/data/gho/indicator-metadata-registry/imr-details/91,NHA_NGA,Nigeria note,,PUBLISHED,Published,,2009.0,2009,,AFR,2009,2009,Africa,,WB_LMI,Lower-middle-income,,NGA,Nigeria,,4.52,4.52383,,,,,
116,WHS7_120,External resources for health as a percentage of total expenditure on health,https://www.who.int/data/gho/indicator-metadata-registry/imr-details/91,NHA_NGA,Nigeria note,,PUBLISHED,Published,,2010.0,2010,,AFR,2010,2010,Africa,,WB_LMI,Lower-middle-income,,NGA,Nigeria,,7.57,7.56769,,,,,
117,WHS7_120,External resources for health as a percentage of total expenditure on health,https://www.who.int/data/gho/indicator-metadata-registry/imr-details/91,NHA_NGA,Nigeria note,,PUBLISHED,Published,,2011.0,2011,,AFR,2011,2011,Africa,,WB_LMI,Lower-middle-income,,NGA,Nigeria,,4.66,4.65843,,,,,
118,WHS7_120,External resources for health as a percentage of total expenditure on health,https://www.who.int/data/gho/indicator-metadata-registry/imr-details/91,NHA_NGA,Nigeria note,,PUBLISHED,Published,,2012.0,2012,,AFR,2012,2012,Africa,,WB_LMI,Lower-middle-income,,NGA,Nigeria,,5.5,5.50243,,,,,
119,WHS7_120,External resources for health as a percentage of total expenditure on health,https://www.who.int/data/gho/indicator-metadata-registry/imr-details/91,NHA_NGA,Nigeria note,,PUBLISHED,Published,,2013.0,2013,,AFR,2013,2013,Africa,,WB_LMI,Lower-middle-income,,NGA,Nigeria,,5.37,5.37422,,,,,
120,WHS7_120,External resources for health as a percentage of total expenditure on health,https://www.who.int/data/gho/indicator-metadata-registry/imr-details/91,NHA_NGA,Nigeria note,,PUBLISHED,Published,,2014.0,2014,,AFR,2014,2014,Africa,,WB_LMI,Lower-middle-income,,NGA,Nigeria,,6.72,6.71756,,,,,
121,WHS7_134,Social security expenditure on health as a percentage of general government expenditure on health,https://www.who.int/data/gho/indicator-metadata-registry/imr-details/121,NHA_NGA,Nigeria note,,PUBLISHED,Published,,1995.0,1995,,AFR,1995,1995,Africa,,WB_LMI,Lower-middle-income,,NGA,Nigeria,,0.0,0.00000,,,,,
122,WHS7_134,Social security expenditure on health as a percentage of general government expenditure on health,https://www.who.int/data/gho/indicator-metadata-registry/imr-details/121,NHA_NGA,Nigeria note,,PUBLISHED,Published,,1996.0,1996,,AFR,1996,1996,Africa,,WB_LMI,Lower-middle-income,,NGA,Nigeria,,0.0,0.00000,,,,,
123,WHS7_134,Social security expenditure on health as a percentage of general government expenditure on health,https://www.who.int/data/gho/indicator-metadata-registry/imr-details/121,NHA_NGA,Nigeria note,,PUBLISHED,Published,,1997.0,1997,,AFR,1997,1997,Africa,,WB_LMI,Lower-middle-income,,NGA,Nigeria,,0.0,0.00000,,,,,
124,WHS7_134,Social security expenditure on health as a percentage of general government expenditure on health,https://www.who.int/data/gho/indicator-metadata-registry/imr-details/121,NHA_NGA,Nigeria note,,PUBLISHED,Published,,1998.0,1998,,AFR,1998,1998,Africa,,WB_LMI,Lower-middle-income,,NGA,Nigeria,,0.0,0.00000,,,,,
125,WHS7_134,Social security expenditure on health as a percentage of general government expenditure on health,https://www.who.int/data/gho/indicator-metadata-registry/imr-details/121,NHA_NGA,Nigeria note,,PUBLISHED,Published,,1999.0,1999,,AFR,1999,1999,Africa,,WB_LMI,Lower-middle-income,,NGA,Nigeria,,0.0,0.00000,,,,,
126,WHS7_134,Social security expenditure on health as a percentage of general government expenditure on health,https://www.who.int/data/gho/indicator-metadata-registry/imr-details/121,NHA_NGA,Nigeria note,,PUBLISHED,Published,,2000.0,2000,,AFR,2000,2000,Africa,,WB_LMI,Lower-middle-income,,NGA,Nigeria,,0.0,0.00000,,,,,
127,WHS7_134,Social security expenditure on health as a percentage of general government expenditure on health,https://www.who.int/data/gho/indicator-metadata-registry/imr-details/121,NHA_NGA,Nigeria note,,PUBLISHED,Published,,2001.0,2001,,AFR,2001,2001,Africa,,WB_LMI,Lower-middle-income,,NGA,Nigeria,,0.0,0.00000,,,,,
128,WHS7_134,Social security expenditure on health as a percentage of general government expenditure on health,https://www.who.int/data/gho/indicator-metadata-registry/imr-details/121,NHA_NGA,Nigeria note,,PUBLISHED,Published,,2002.0,2002,,AFR,2002,2002,Africa,,WB_LMI,Lower-middle-income,,NGA,Nigeria,,0.0,0.00000,,,,,
129,WHS7_134,Social security expenditure on health as a percentage of general government expenditure on health,https://www.who.int/data/gho/indicator-metadata-registry/imr-details/121,NHA_NGA,Nigeria note,,PUBLISHED,Published,,2003.0,2003,,AFR,2003,2003,Africa,,WB_LMI,Lower-middle-income,,NGA,Nigeria,,0.0,0.00000,,,,,
130,WHS7_134,Social security expenditure on health as a percentage of general government expenditure on health,https://www.who.int/data/gho/indicator-metadata-registry/imr-details/121,NHA_NGA,Nigeria note,,PUBLISHED,Published,,2004.0,2004,,AFR,2004,2004,Africa,,WB_LMI,Lower-middle-income,,NGA,Nigeria,,0.0,0.00000,,,,,
131,WHS7_134,Social security expenditure on health as a percentage of general government expenditure on health,https://www.who.int/data/gho/indicator-metadata-registry/imr-details/121,NHA_NGA,Nigeria note,,PUBLISHED,Published,,2005.0,2005,,AFR,2005,2005,Africa,,WB_LMI,Lower-middle-income,,NGA,Nigeria,,0.0,0.00000,,,,,
132,WHS7_134,Social security expenditure on health as a percentage of general government expenditure on health,https://www.who.int/data/gho/indicator-metadata-registry/imr-details/121,NHA_NGA,Nigeria note,,PUBLISHED,Published,,2006.0,2006,,AFR,2006,2006,Africa,,WB_LMI,Lower-middle-income,,NGA,Nigeria,,0.0,0.00000,,,,,
133,WHS7_134,Social security expenditure on health as a percentage of general government expenditure on health,https://www.who.int/data/gho/indicator-metadata-registry/imr-details/121,NHA_NGA,Nigeria note,,PUBLISHED,Published,,2007.0,2007,,AFR,2007,2007,Africa,,WB_LMI,Lower-middle-income,,NGA,Nigeria,,0.0,0.00000,,,,,
134,WHS7_134,Social security expenditure on health as a percentage of general government expenditure on health,https://www.who.int/data/gho/indicator-metadata-registry/imr-details/121,NHA_NGA,Nigeria note,,PUBLISHED,Published,,2008.0,2008,,AFR,2008,2008,Africa,,WB_LMI,Lower-middle-income,,NGA,Nigeria,,0.0,0.00000,,,,,
135,WHS7_134,Social security expenditure on health as a percentage of general government expenditure on health,https://www.who.int/data/gho/indicator-metadata-registry/imr-details/121,NHA_NGA,Nigeria note,,PUBLISHED,Published,,2009.0,2009,,AFR,2009,2009,Africa,,WB_LMI,Lower-middle-income,,NGA,Nigeria,,0.0,0.00000,,,,,
136,WHS7_134,Social security expenditure on health as a percentage of general government expenditure on health,https://www.who.int/data/gho/indicator-metadata-registry/imr-details/121,NHA_NGA,Nigeria note,,PUBLISHED,Published,,2010.0,2010,,AFR,2010,2010,Africa,,WB_LMI,Lower-middle-income,,NGA,Nigeria,,0.0,0.00000,,,,,
137,WHS7_134,Social security expenditure on health as a percentage of general government expenditure on health,https://www.who.int/data/gho/indicator-metadata-registry/imr-details/121,NHA_NGA,Nigeria note,,PUBLISHED,Published,,2011.0,2011,,AFR,2011,2011,Africa,,WB_LMI,Lower-middle-income,,NGA,Nigeria,,0.0,0.00000,,,,,
138,WHS7_134,Social security expenditure on health as a percentage of general government expenditure on health,https://www.who.int/data/gho/indicator-metadata-registry/imr-details/121,NHA_NGA,Nigeria note,,PUBLISHED,Published,,2012.0,2012,,AFR,2012,2012,Africa,,WB_LMI,Lower-middle-income,,NGA,Nigeria,,0.0,0.00000,,,,,
139,WHS7_134,Social security expenditure on health as a percentage of general government expenditure on health,https://www.who.int/data/gho/indicator-metadata-registry/imr-details/121,NHA_NGA,Nigeria note,,PUBLISHED,Published,,2013.0,2013,,AFR,2013,2013,Africa,,WB_LMI,Lower-middle-income,,NGA,Nigeria,,0.0,0.00000,,,,,
140,WHS7_134,Social security expenditure on health as a percentage of general government expenditure on health,https://www.who.int/data/gho/indicator-metadata-registry/imr-details/121,NHA_NGA,Nigeria note,,PUBLISHED,Published,,2014.0,2014,,AFR,2014,2014,Africa,,WB_LMI,Lower-middle-income,,NGA,Nigeria,,0.0,0.00000,,,,,
141,WHS7_139,Out-of-pocket expenditure as a percentage of private expenditure on health,https://www.who.int/data/gho/indicator-metadata-registry/imr-details/107,NHA_NGA,Nigeria note,,PUBLISHED,Published,,1995.0,1995,,AFR,1995,1995,Africa,,WB_LMI,Lower-middle-income,,NGA,Nigeria,,94.55,94.55370,,,,,
142,WHS7_139,Out-of-pocket expenditure as a percentage of private expenditure on health,https://www.who.int/data/gho/indicator-metadata-registry/imr-details/107,NHA_NGA,Nigeria note,,PUBLISHED,Published,,1996.0,1996,,AFR,1996,1996,Africa,,WB_LMI,Lower-middle-income,,NGA,Nigeria,,94.74,94.73762,,,,,
143,WHS7_139,Out-of-pocket expenditure as a percentage of private expenditure on health,https://www.who.int/data/gho/indicator-metadata-registry/imr-details/107,NHA_NGA,Nigeria note,,PUBLISHED,Published,,1997.0,1997,,AFR,1997,1997,Africa,,WB_LMI,Lower-middle-income,,NGA,Nigeria,,94.59,94.59125,,,,,
144,WHS7_139,Out-of-pocket expenditure as a percentage of private expenditure on health,https://www.who.int/data/gho/indicator-metadata-registry/imr-details/107,NHA_NGA,Nigeria note,,PUBLISHED,Published,,1998.0,1998,,AFR,1998,1998,Africa,,WB_LMI,Lower-middle-income,,NGA,Nigeria,,95.0,95.00005,,,,,
145,WHS7_139,Out-of-pocket expenditure as a percentage of private expenditure on health,https://www.who.int/data/gho/indicator-metadata-registry/imr-details/107,NHA_NGA,Nigeria note,,PUBLISHED,Published,,1999.0,1999,,AFR,1999,1999,Africa,,WB_LMI,Lower-middle-income,,NGA,Nigeria,,94.76,94.75631,,,,,
146,WHS7_139,Out-of-pocket expenditure as a percentage of private expenditure on health,https://www.who.int/data/gho/indicator-metadata-registry/imr-details/107,NHA_NGA,Nigeria note,,PUBLISHED,Published,,2000.0,2000,,AFR,2000,2000,Africa,,WB_LMI,Lower-middle-income,,NGA,Nigeria,,92.65,92.65477,,,,,
147,WHS7_139,Out-of-pocket expenditure as a percentage of private expenditure on health,https://www.who.int/data/gho/indicator-metadata-registry/imr-details/107,NHA_NGA,Nigeria note,,PUBLISHED,Published,,2001.0,2001,,AFR,2001,2001,Africa,,WB_LMI,Lower-middle-income,,NGA,Nigeria,,91.39,91.39142,,,,,
148,WHS7_139,Out-of-pocket expenditure as a percentage of private expenditure on health,https://www.who.int/data/gho/indicator-metadata-registry/imr-details/107,NHA_NGA,Nigeria note,,PUBLISHED,Published,,2002.0,2002,,AFR,2002,2002,Africa,,WB_LMI,Lower-middle-income,,NGA,Nigeria,,90.43,90.42859,,,,,
149,WHS7_139,Out-of-pocket expenditure as a percentage of private expenditure on health,https://www.who.int/data/gho/indicator-metadata-registry/imr-details/107,NHA_NGA,Nigeria note,,PUBLISHED,Published,,2003.0,2003,,AFR,2003,2003,Africa,,WB_LMI,Lower-middle-income,,NGA,Nigeria,,96.22,96.21695,,,,,
150,WHS7_139,Out-of-pocket expenditure as a percentage of private expenditure on health,https://www.who.int/data/gho/indicator-metadata-registry/imr-details/107,NHA_NGA,Nigeria note,,PUBLISHED,Published,,2004.0,2004,,AFR,2004,2004,Africa,,WB_LMI,Lower-middle-income,,NGA,Nigeria,,95.34,95.33733,,,,,
151,WHS7_139,Out-of-pocket expenditure as a percentage of private expenditure on health,https://www.who.int/data/gho/indicator-metadata-registry/imr-details/107,NHA_NGA,Nigeria note,,PUBLISHED,Published,,2005.0,2005,,AFR,2005,2005,Africa,,WB_LMI,Lower-middle-income,,NGA,Nigeria,,95.8,95.79992,,,,,
152,WHS7_139,Out-of-pocket expenditure as a percentage of private expenditure on health,https://www.who.int/data/gho/indicator-metadata-registry/imr-details/107,NHA_NGA,Nigeria note,,PUBLISHED,Published,,2006.0,2006,,AFR,2006,2006,Africa,,WB_LMI,Lower-middle-income,,NGA,Nigeria,,95.62,95.62363,,,,,
153,WHS7_139,Out-of-pocket expenditure as a percentage of private expenditure on health,https://www.who.int/data/gho/indicator-metadata-registry/imr-details/107,NHA_NGA,Nigeria note,,PUBLISHED,Published,,2007.0,2007,,AFR,2007,2007,Africa,,WB_LMI,Lower-middle-income,,NGA,Nigeria,,95.83,95.82900,,,,,
154,WHS7_139,Out-of-pocket expenditure as a percentage of private expenditure on health,https://www.who.int/data/gho/indicator-metadata-registry/imr-details/107,NHA_NGA,Nigeria note,,PUBLISHED,Published,,2008.0,2008,,AFR,2008,2008,Africa,,WB_LMI,Lower-middle-income,,NGA,Nigeria,,95.66,95.65731,,,,,
155,WHS7_139,Out-of-pocket expenditure as a percentage of private expenditure on health,https://www.who.int/data/gho/indicator-metadata-registry/imr-details/107,NHA_NGA,Nigeria note,,PUBLISHED,Published,,2009.0,2009,,AFR,2009,2009,Africa,,WB_LMI,Lower-middle-income,,NGA,Nigeria,,95.8,95.80051,,,,,
156,WHS7_139,Out-of-pocket expenditure as a percentage of private expenditure on health,https://www.who.int/data/gho/indicator-metadata-registry/imr-details/107,NHA_NGA,Nigeria note,,PUBLISHED,Published,,2010.0,2010,,AFR,2010,2010,Africa,,WB_LMI,Lower-middle-income,,NGA,Nigeria,,95.67,95.67174,,,,,
157,WHS7_139,Out-of-pocket expenditure as a percentage of private expenditure on health,https://www.who.int/data/gho/indicator-metadata-registry/imr-details/107,NHA_NGA,Nigeria note,,PUBLISHED,Published,,2011.0,2011,,AFR,2011,2011,Africa,,WB_LMI,Lower-middle-income,,NGA,Nigeria,,95.66,95.66048,,,,,
158,WHS7_139,Out-of-pocket expenditure as a percentage of private expenditure on health,https://www.who.int/data/gho/indicator-metadata-registry/imr-details/107,NHA_NGA,Nigeria note,,PUBLISHED,Published,,2012.0,2012,,AFR,2012,2012,Africa,,WB_LMI,Lower-middle-income,,NGA,Nigeria,,95.53,95.53121,,,,,
159,WHS7_139,Out-of-pocket expenditure as a percentage of private expenditure on health,https://www.who.int/data/gho/indicator-metadata-registry/imr-details/107,NHA_NGA,Nigeria note,,PUBLISHED,Published,,2013.0,2013,,AFR,2013,2013,Africa,,WB_LMI,Lower-middle-income,,NGA,Nigeria,,95.77,95.77063,,,,,
160,WHS7_139,Out-of-pocket expenditure as a percentage of private expenditure on health,https://www.who.int/data/gho/indicator-metadata-registry/imr-details/107,NHA_NGA,Nigeria note,,PUBLISHED,Published,,2014.0,2014,,AFR,2014,2014,Africa,,WB_LMI,Lower-middle-income,,NGA,Nigeria,,95.74,95.74394,,,,,
161,WHS7_143,Total expenditure on health as a percentage of gross domestic product,https://www.who.int/data/gho/indicator-metadata-registry/imr-details/122,NHA_NGA,Nigeria note,,PUBLISHED,Published,,1995.0,1995,,AFR,1995,1995,Africa,,WB_LMI,Lower-middle-income,,NGA,Nigeria,,2.77,2.76978,,,,,
162,WHS7_143,Total expenditure on health as a percentage of gross domestic product,https://www.who.int/data/gho/indicator-metadata-registry/imr-details/122,NHA_NGA,Nigeria note,,PUBLISHED,Published,,1996.0,1996,,AFR,1996,1996,Africa,,WB_LMI,Lower-middle-income,,NGA,Nigeria,,2.92,2.91603,,,,,
163,WHS7_143,Total expenditure on health as a percentage of gross domestic product,https://www.who.int/data/gho/indicator-metadata-registry/imr-details/122,NHA_NGA,Nigeria note,,PUBLISHED,Published,,1997.0,1997,,AFR,1997,1997,Africa,,WB_LMI,Lower-middle-income,,NGA,Nigeria,,2.92,2.91599,,,,,
164,WHS7_143,Total expenditure on health as a percentage of gross domestic product,https://www.who.int/data/gho/indicator-metadata-registry/imr-details/122,NHA_NGA,Nigeria note,,PUBLISHED,Published,,1998.0,1998,,AFR,1998,1998,Africa,,WB_LMI,Lower-middle-income,,NGA,Nigeria,,3.47,3.46834,,,,,
165,WHS7_143,Total expenditure on health as a percentage of gross domestic product,https://www.who.int/data/gho/indicator-metadata-registry/imr-details/122,NHA_NGA,Nigeria note,,PUBLISHED,Published,,1999.0,1999,,AFR,1999,1999,Africa,,WB_LMI,Lower-middle-income,,NGA,Nigeria,,3.38,3.37741,,,,,
166,WHS7_143,Total expenditure on health as a percentage of gross domestic product,https://www.who.int/data/gho/indicator-metadata-registry/imr-details/122,NHA_NGA,Nigeria note,,PUBLISHED,Published,,2000.0,2000,,AFR,2000,2000,Africa,,WB_LMI,Lower-middle-income,,NGA,Nigeria,,2.84,2.83704,,,,,
167,WHS7_143,Total expenditure on health as a percentage of gross domestic product,https://www.who.int/data/gho/indicator-metadata-registry/imr-details/122,NHA_NGA,Nigeria note,,PUBLISHED,Published,,2001.0,2001,,AFR,2001,2001,Africa,,WB_LMI,Lower-middle-income,,NGA,Nigeria,,3.25,3.24623,,,,,
168,WHS7_143,Total expenditure on health as a percentage of gross domestic product,https://www.who.int/data/gho/indicator-metadata-registry/imr-details/122,NHA_NGA,Nigeria note,,PUBLISHED,Published,,2002.0,2002,,AFR,2002,2002,Africa,,WB_LMI,Lower-middle-income,,NGA,Nigeria,,2.43,2.43167,,,,,
169,WHS7_143,Total expenditure on health as a percentage of gross domestic product,https://www.who.int/data/gho/indicator-metadata-registry/imr-details/122,NHA_NGA,Nigeria note,,PUBLISHED,Published,,2003.0,2003,,AFR,2003,2003,Africa,,WB_LMI,Lower-middle-income,,NGA,Nigeria,,4.05,4.04693,,,,,
170,WHS7_143,Total expenditure on health as a percentage of gross domestic product,https://www.who.int/data/gho/indicator-metadata-registry/imr-details/122,NHA_NGA,Nigeria note,,PUBLISHED,Published,,2004.0,2004,,AFR,2004,2004,Africa,,WB_LMI,Lower-middle-income,,NGA,Nigeria,,4.33,4.32751,,,,,
171,WHS7_143,Total expenditure on health as a percentage of gross domestic product,https://www.who.int/data/gho/indicator-metadata-registry/imr-details/122,NHA_NGA,Nigeria note,,PUBLISHED,Published,,2005.0,2005,,AFR,2005,2005,Africa,,WB_LMI,Lower-middle-income,,NGA,Nigeria,,4.11,4.10630,,,,,
172,WHS7_143,Total expenditure on health as a percentage of gross domestic product,https://www.who.int/data/gho/indicator-metadata-registry/imr-details/122,NHA_NGA,Nigeria note,,PUBLISHED,Published,,2006.0,2006,,AFR,2006,2006,Africa,,WB_LMI,Lower-middle-income,,NGA,Nigeria,,3.66,3.65686,,,,,
173,WHS7_143,Total expenditure on health as a percentage of gross domestic product,https://www.who.int/data/gho/indicator-metadata-registry/imr-details/122,NHA_NGA,Nigeria note,,PUBLISHED,Published,,2007.0,2007,,AFR,2007,2007,Africa,,WB_LMI,Lower-middle-income,,NGA,Nigeria,,4.47,4.47333,,,,,
174,WHS7_143,Total expenditure on health as a percentage of gross domestic product,https://www.who.int/data/gho/indicator-metadata-registry/imr-details/122,NHA_NGA,Nigeria note,,PUBLISHED,Published,,2008.0,2008,,AFR,2008,2008,Africa,,WB_LMI,Lower-middle-income,,NGA,Nigeria,,4.0,3.99808,,,,,
175,WHS7_143,Total expenditure on health as a percentage of gross domestic product,https://www.who.int/data/gho/indicator-metadata-registry/imr-details/122,NHA_NGA,Nigeria note,,PUBLISHED,Published,,2009.0,2009,,AFR,2009,2009,Africa,,WB_LMI,Lower-middle-income,,NGA,Nigeria,,4.24,4.23500,,,,,
176,WHS7_143,Total expenditure on health as a percentage of gross domestic product,https://www.who.int/data/gho/indicator-metadata-registry/imr-details/122,NHA_NGA,Nigeria note,,PUBLISHED,Published,,2010.0,2010,,AFR,2010,2010,Africa,,WB_LMI,Lower-middle-income,,NGA,Nigeria,,3.47,3.47053,,,,,
177,WHS7_143,Total expenditure on health as a percentage of gross domestic product,https://www.who.int/data/gho/indicator-metadata-registry/imr-details/122,NHA_NGA,Nigeria note,,PUBLISHED,Published,,2011.0,2011,,AFR,2011,2011,Africa,,WB_LMI,Lower-middle-income,,NGA,Nigeria,,3.69,3.68701,,,,,
178,WHS7_143,Total expenditure on health as a percentage of gross domestic product,https://www.who.int/data/gho/indicator-metadata-registry/imr-details/122,NHA_NGA,Nigeria note,,PUBLISHED,Published,,2012.0,2012,,AFR,2012,2012,Africa,,WB_LMI,Lower-middle-income,,NGA,Nigeria,,3.3,3.29908,,,,,
179,WHS7_143,Total expenditure on health as a percentage of gross domestic product,https://www.who.int/data/gho/indicator-metadata-registry/imr-details/122,NHA_NGA,Nigeria note,,PUBLISHED,Published,,2013.0,2013,,AFR,2013,2013,Africa,,WB_LMI,Lower-middle-income,,NGA,Nigeria,,3.7,3.70393,,,,,
180,WHS7_143,Total expenditure on health as a percentage of gross domestic product,https://www.who.int/data/gho/indicator-metadata-registry/imr-details/122,NHA_NGA,Nigeria note,,PUBLISHED,Published,,2014.0,2014,,AFR,2014,2014,Africa,,WB_LMI,Lower-middle-income,,NGA,Nigeria,,3.67,3.66880,,,,,
181,WHS7_147,Private expenditure on health as a percentage of total expenditure on health,https://www.who.int/data/gho/indicator-metadata-registry/imr-details/119,NHA_NGA,Nigeria note,,PUBLISHED,Published,,1995.0,1995,,AFR,1995,1995,Africa,,WB_LMI,Lower-middle-income,,NGA,Nigeria,,76.24,76.23836,,,,,
182,WHS7_147,Private expenditure on health as a percentage of total expenditure on health,https://www.who.int/data/gho/indicator-metadata-registry/imr-details/119,NHA_NGA,Nigeria note,,PUBLISHED,Published,,1996.0,1996,,AFR,1996,1996,Africa,,WB_LMI,Lower-middle-income,,NGA,Nigeria,,79.41,79.40758,,,,,
183,WHS7_147,Private expenditure on health as a percentage of total expenditure on health,https://www.who.int/data/gho/indicator-metadata-registry/imr-details/119,NHA_NGA,Nigeria note,,PUBLISHED,Published,,1997.0,1997,,AFR,1997,1997,Africa,,WB_LMI,Lower-middle-income,,NGA,Nigeria,,75.39,75.39046,,,,,
184,WHS7_147,Private expenditure on health as a percentage of total expenditure on health,https://www.who.int/data/gho/indicator-metadata-registry/imr-details/119,NHA_NGA,Nigeria note,,PUBLISHED,Published,,1998.0,1998,,AFR,1998,1998,Africa,,WB_LMI,Lower-middle-income,,NGA,Nigeria,,73.86,73.85994,,,,,
185,WHS7_147,Private expenditure on health as a percentage of total expenditure on health,https://www.who.int/data/gho/indicator-metadata-registry/imr-details/119,NHA_NGA,Nigeria note,,PUBLISHED,Published,,1999.0,1999,,AFR,1999,1999,Africa,,WB_LMI,Lower-middle-income,,NGA,Nigeria,,70.88,70.87516,,,,,
186,WHS7_147,Private expenditure on health as a percentage of total expenditure on health,https://www.who.int/data/gho/indicator-metadata-registry/imr-details/119,NHA_NGA,Nigeria note,,PUBLISHED,Published,,2000.0,2000,,AFR,2000,2000,Africa,,WB_LMI,Lower-middle-income,,NGA,Nigeria,,66.54,66.53952,,,,,
187,WHS7_147,Private expenditure on health as a percentage of total expenditure on health,https://www.who.int/data/gho/indicator-metadata-registry/imr-details/119,NHA_NGA,Nigeria note,,PUBLISHED,Published,,2001.0,2001,,AFR,2001,2001,Africa,,WB_LMI,Lower-middle-income,,NGA,Nigeria,,68.65,68.64957,,,,,
188,WHS7_147,Private expenditure on health as a percentage of total expenditure on health,https://www.who.int/data/gho/indicator-metadata-registry/imr-details/119,NHA_NGA,Nigeria note,,PUBLISHED,Published,,2002.0,2002,,AFR,2002,2002,Africa,,WB_LMI,Lower-middle-income,,NGA,Nigeria,,74.42,74.42065,,,,,
189,WHS7_147,Private expenditure on health as a percentage of total expenditure on health,https://www.who.int/data/gho/indicator-metadata-registry/imr-details/119,NHA_NGA,Nigeria note,,PUBLISHED,Published,,2003.0,2003,,AFR,2003,2003,Africa,,WB_LMI,Lower-middle-income,,NGA,Nigeria,,77.6,77.59633,,,,,
190,WHS7_147,Private expenditure on health as a percentage of total expenditure on health,https://www.who.int/data/gho/indicator-metadata-registry/imr-details/119,NHA_NGA,Nigeria note,,PUBLISHED,Published,,2004.0,2004,,AFR,2004,2004,Africa,,WB_LMI,Lower-middle-income,,NGA,Nigeria,,67.31,67.30772,,,,,
191,WHS7_147,Private expenditure on health as a percentage of total expenditure on health,https://www.who.int/data/gho/indicator-metadata-registry/imr-details/119,NHA_NGA,Nigeria note,,PUBLISHED,Published,,2005.0,2005,,AFR,2005,2005,Africa,,WB_LMI,Lower-middle-income,,NGA,Nigeria,,70.83,70.83049,,,,,
192,WHS7_147,Private expenditure on health as a percentage of total expenditure on health,https://www.who.int/data/gho/indicator-metadata-registry/imr-details/119,NHA_NGA,Nigeria note,,PUBLISHED,Published,,2006.0,2006,,AFR,2006,2006,Africa,,WB_LMI,Lower-middle-income,,NGA,Nigeria,,67.06,67.05915,,,,,
193,WHS7_147,Private expenditure on health as a percentage of total expenditure on health,https://www.who.int/data/gho/indicator-metadata-registry/imr-details/119,NHA_NGA,Nigeria note,,PUBLISHED,Published,,2007.0,2007,,AFR,2007,2007,Africa,,WB_LMI,Lower-middle-income,,NGA,Nigeria,,67.08,67.07755,,,,,
194,WHS7_147,Private expenditure on health as a percentage of total expenditure on health,https://www.who.int/data/gho/indicator-metadata-registry/imr-details/119,NHA_NGA,Nigeria note,,PUBLISHED,Published,,2008.0,2008,,AFR,2008,2008,Africa,,WB_LMI,Lower-middle-income,,NGA,Nigeria,,63.23,63.23083,,,,,
195,WHS7_147,Private expenditure on health as a percentage of total expenditure on health,https://www.who.int/data/gho/indicator-metadata-registry/imr-details/119,NHA_NGA,Nigeria note,,PUBLISHED,Published,,2009.0,2009,,AFR,2009,2009,Africa,,WB_LMI,Lower-middle-income,,NGA,Nigeria,,68.72,68.72090,,,,,
196,WHS7_147,Private expenditure on health as a percentage of total expenditure on health,https://www.who.int/data/gho/indicator-metadata-registry/imr-details/119,NHA_NGA,Nigeria note,,PUBLISHED,Published,,2010.0,2010,,AFR,2010,2010,Africa,,WB_LMI,Lower-middle-income,,NGA,Nigeria,,73.82,73.82008,,,,,
197,WHS7_147,Private expenditure on health as a percentage of total expenditure on health,https://www.who.int/data/gho/indicator-metadata-registry/imr-details/119,NHA_NGA,Nigeria note,,PUBLISHED,Published,,2011.0,2011,,AFR,2011,2011,Africa,,WB_LMI,Lower-middle-income,,NGA,Nigeria,,68.77,68.76572,,,,,
198,WHS7_147,Private expenditure on health as a percentage of total expenditure on health,https://www.who.int/data/gho/indicator-metadata-registry/imr-details/119,NHA_NGA,Nigeria note,,PUBLISHED,Published,,2012.0,2012,,AFR,2012,2012,Africa,,WB_LMI,Lower-middle-income,,NGA,Nigeria,,68.68,68.68314,,,,,
199,WHS7_147,Private expenditure on health as a percentage of total expenditure on health,https://www.who.int/data/gho/indicator-metadata-registry/imr-details/119,NHA_NGA,Nigeria note,,PUBLISHED,Published,,2013.0,2013,,AFR,2013,2013,Africa,,WB_LMI,Lower-middle-income,,NGA,Nigeria,,76.17,76.17049,,,,,
200,WHS7_147,Private expenditure on health as a percentage of total expenditure on health,https://www.who.int/data/gho/indicator-metadata-registry/imr-details/119,NHA_NGA,Nigeria note,,PUBLISHED,Published,,2014.0,2014,,AFR,2014,2014,Africa,,WB_LMI,Lower-middle-income,,NGA,Nigeria,,74.85,74.85457,,,,,
201,WHS7_149,General government expenditure on health as a percentage of total expenditure on health,https://www.who.int/data/gho/indicator-metadata-registry/imr-details/92,NHA_NGA,Nigeria note,,PUBLISHED,Published,,1995.0,1995,,AFR,1995,1995,Africa,,WB_LMI,Lower-middle-income,,NGA,Nigeria,,23.76,23.76164,,,,,
202,WHS7_149,General government expenditure on health as a percentage of total expenditure on health,https://www.who.int/data/gho/indicator-metadata-registry/imr-details/92,NHA_NGA,Nigeria note,,PUBLISHED,Published,,1996.0,1996,,AFR,1996,1996,Africa,,WB_LMI,Lower-middle-income,,NGA,Nigeria,,20.59,20.59242,,,,,
203,WHS7_149,General government expenditure on health as a percentage of total expenditure on health,https://www.who.int/data/gho/indicator-metadata-registry/imr-details/92,NHA_NGA,Nigeria note,,PUBLISHED,Published,,1997.0,1997,,AFR,1997,1997,Africa,,WB_LMI,Lower-middle-income,,NGA,Nigeria,,24.61,24.60954,,,,,
204,WHS7_149,General government expenditure on health as a percentage of total expenditure on health,https://www.who.int/data/gho/indicator-metadata-registry/imr-details/92,NHA_NGA,Nigeria note,,PUBLISHED,Published,,1998.0,1998,,AFR,1998,1998,Africa,,WB_LMI,Lower-middle-income,,NGA,Nigeria,,26.14,26.14006,,,,,
205,WHS7_149,General government expenditure on health as a percentage of total expenditure on health,https://www.who.int/data/gho/indicator-metadata-registry/imr-details/92,NHA_NGA,Nigeria note,,PUBLISHED,Published,,1999.0,1999,,AFR,1999,1999,Africa,,WB_LMI,Lower-middle-income,,NGA,Nigeria,,29.12,29.12484,,,,,
206,WHS7_149,General government expenditure on health as a percentage of total expenditure on health,https://www.who.int/data/gho/indicator-metadata-registry/imr-details/92,NHA_NGA,Nigeria note,,PUBLISHED,Published,,2000.0,2000,,AFR,2000,2000,Africa,,WB_LMI,Lower-middle-income,,NGA,Nigeria,,33.46,33.46048,,,,,
207,WHS7_149,General government expenditure on health as a percentage of total expenditure on health,https://www.who.int/data/gho/indicator-metadata-registry/imr-details/92,NHA_NGA,Nigeria note,,PUBLISHED,Published,,2001.0,2001,,AFR,2001,2001,Africa,,WB_LMI,Lower-middle-income,,NGA,Nigeria,,31.35,31.35043,,,,,
208,WHS7_149,General government expenditure on health as a percentage of total expenditure on health,https://www.who.int/data/gho/indicator-metadata-registry/imr-details/92,NHA_NGA,Nigeria note,,PUBLISHED,Published,,2002.0,2002,,AFR,2002,2002,Africa,,WB_LMI,Lower-middle-income,,NGA,Nigeria,,25.58,25.57935,,,,,
209,WHS7_149,General government expenditure on health as a percentage of total expenditure on health,https://www.who.int/data/gho/indicator-metadata-registry/imr-details/92,NHA_NGA,Nigeria note,,PUBLISHED,Published,,2003.0,2003,,AFR,2003,2003,Africa,,WB_LMI,Lower-middle-income,,NGA,Nigeria,,22.4,22.40367,,,,,
210,WHS7_149,General government expenditure on health as a percentage of total expenditure on health,https://www.who.int/data/gho/indicator-metadata-registry/imr-details/92,NHA_NGA,Nigeria note,,PUBLISHED,Published,,2004.0,2004,,AFR,2004,2004,Africa,,WB_LMI,Lower-middle-income,,NGA,Nigeria,,32.69,32.69228,,,,,
211,WHS7_149,General government expenditure on health as a percentage of total expenditure on health,https://www.who.int/data/gho/indicator-metadata-registry/imr-details/92,NHA_NGA,Nigeria note,,PUBLISHED,Published,,2005.0,2005,,AFR,2005,2005,Africa,,WB_LMI,Lower-middle-income,,NGA,Nigeria,,29.17,29.16951,,,,,
212,WHS7_149,General government expenditure on health as a percentage of total expenditure on health,https://www.who.int/data/gho/indicator-metadata-registry/imr-details/92,NHA_NGA,Nigeria note,,PUBLISHED,Published,,2006.0,2006,,AFR,2006,2006,Africa,,WB_LMI,Lower-middle-income,,NGA,Nigeria,,32.94,32.94085,,,,,
213,WHS7_149,General government expenditure on health as a percentage of total expenditure on health,https://www.who.int/data/gho/indicator-metadata-registry/imr-details/92,NHA_NGA,Nigeria note,,PUBLISHED,Published,,2007.0,2007,,AFR,2007,2007,Africa,,WB_LMI,Lower-middle-income,,NGA,Nigeria,,32.92,32.92245,,,,,
214,WHS7_149,General government expenditure on health as a percentage of total expenditure on health,https://www.who.int/data/gho/indicator-metadata-registry/imr-details/92,NHA_NGA,Nigeria note,,PUBLISHED,Published,,2008.0,2008,,AFR,2008,2008,Africa,,WB_LMI,Lower-middle-income,,NGA,Nigeria,,36.77,36.76917,,,,,
215,WHS7_149,General government expenditure on health as a percentage of total expenditure on health,https://www.who.int/data/gho/indicator-metadata-registry/imr-details/92,NHA_NGA,Nigeria note,,PUBLISHED,Published,,2009.0,2009,,AFR,2009,2009,Africa,,WB_LMI,Lower-middle-income,,NGA,Nigeria,,31.28,31.27910,,,,,
216,WHS7_149,General government expenditure on health as a percentage of total expenditure on health,https://www.who.int/data/gho/indicator-metadata-registry/imr-details/92,NHA_NGA,Nigeria note,,PUBLISHED,Published,,2010.0,2010,,AFR,2010,2010,Africa,,WB_LMI,Lower-middle-income,,NGA,Nigeria,,26.18,26.17992,,,,,
217,WHS7_149,General government expenditure on health as a percentage of total expenditure on health,https://www.who.int/data/gho/indicator-metadata-registry/imr-details/92,NHA_NGA,Nigeria note,,PUBLISHED,Published,,2011.0,2011,,AFR,2011,2011,Africa,,WB_LMI,Lower-middle-income,,NGA,Nigeria,,31.23,31.23428,,,,,
218,WHS7_149,General government expenditure on health as a percentage of total expenditure on health,https://www.who.int/data/gho/indicator-metadata-registry/imr-details/92,NHA_NGA,Nigeria note,,PUBLISHED,Published,,2012.0,2012,,AFR,2012,2012,Africa,,WB_LMI,Lower-middle-income,,NGA,Nigeria,,31.32,31.31686,,,,,
219,WHS7_149,General government expenditure on health as a percentage of total expenditure on health,https://www.who.int/data/gho/indicator-metadata-registry/imr-details/92,NHA_NGA,Nigeria note,,PUBLISHED,Published,,2013.0,2013,,AFR,2013,2013,Africa,,WB_LMI,Lower-middle-income,,NGA,Nigeria,,23.83,23.82951,,,,,
220,WHS7_149,General government expenditure on health as a percentage of total expenditure on health,https://www.who.int/data/gho/indicator-metadata-registry/imr-details/92,NHA_NGA,Nigeria note,,PUBLISHED,Published,,2014.0,2014,,AFR,2014,2014,Africa,,WB_LMI,Lower-middle-income,,NGA,Nigeria,,25.15,25.14543,,,,,
221,WHS7_156,Per capita total expenditure on health at average exchange rate (US$),https://www.who.int/data/gho/indicator-metadata-registry/imr-details/111,NHA_NGA,Nigeria note,,PUBLISHED,Published,,1995.0,1995,,AFR,1995,1995,Africa,,WB_LMI,Lower-middle-income,,NGA,Nigeria,,37.68,37.68387,,,,,
222,WHS7_156,Per capita total expenditure on health at average exchange rate (US$),https://www.who.int/data/gho/indicator-metadata-registry/imr-details/111,NHA_NGA,Nigeria note,,PUBLISHED,Published,,1996.0,1996,,AFR,1996,1996,Africa,,WB_LMI,Lower-middle-income,,NGA,Nigeria,,53.95,53.95093,,,,,
223,WHS7_156,Per capita total expenditure on health at average exchange rate (US$),https://www.who.int/data/gho/indicator-metadata-registry/imr-details/111,NHA_NGA,Nigeria note,,PUBLISHED,Published,,1997.0,1997,,AFR,1997,1997,Africa,,WB_LMI,Lower-middle-income,,NGA,Nigeria,,54.64,54.63839,,,,,
224,WHS7_156,Per capita total expenditure on health at average exchange rate (US$),https://www.who.int/data/gho/indicator-metadata-registry/imr-details/111,NHA_NGA,Nigeria note,,PUBLISHED,Published,,1998.0,1998,,AFR,1998,1998,Africa,,WB_LMI,Lower-middle-income,,NGA,Nigeria,,61.42,61.41709,,,,,
225,WHS7_156,Per capita total expenditure on health at average exchange rate (US$),https://www.who.int/data/gho/indicator-metadata-registry/imr-details/111,NHA_NGA,Nigeria note,,PUBLISHED,Published,,1999.0,1999,,AFR,1999,1999,Africa,,WB_LMI,Lower-middle-income,,NGA,Nigeria,,16.26,16.25837,,,,,
226,WHS7_156,Per capita total expenditure on health at average exchange rate (US$),https://www.who.int/data/gho/indicator-metadata-registry/imr-details/111,NHA_NGA,Nigeria note,,PUBLISHED,Published,,2000.0,2000,,AFR,2000,2000,Africa,,WB_LMI,Lower-middle-income,,NGA,Nigeria,,17.22,17.22191,,,,,
227,WHS7_156,Per capita total expenditure on health at average exchange rate (US$),https://www.who.int/data/gho/indicator-metadata-registry/imr-details/111,NHA_NGA,Nigeria note,,PUBLISHED,Published,,2001.0,2001,,AFR,2001,2001,Africa,,WB_LMI,Lower-middle-income,,NGA,Nigeria,,18.28,18.28402,,,,,
228,WHS7_156,Per capita total expenditure on health at average exchange rate (US$),https://www.who.int/data/gho/indicator-metadata-registry/imr-details/111,NHA_NGA,Nigeria note,,PUBLISHED,Published,,2002.0,2002,,AFR,2002,2002,Africa,,WB_LMI,Lower-middle-income,,NGA,Nigeria,,17.89,17.88547,,,,,
229,WHS7_156,Per capita total expenditure on health at average exchange rate (US$),https://www.who.int/data/gho/indicator-metadata-registry/imr-details/111,NHA_NGA,Nigeria note,,PUBLISHED,Published,,2003.0,2003,,AFR,2003,2003,Africa,,WB_LMI,Lower-middle-income,,NGA,Nigeria,,38.5,38.50265,,,,,
230,WHS7_156,Per capita total expenditure on health at average exchange rate (US$),https://www.who.int/data/gho/indicator-metadata-registry/imr-details/111,NHA_NGA,Nigeria note,,PUBLISHED,Published,,2004.0,2004,,AFR,2004,2004,Africa,,WB_LMI,Lower-middle-income,,NGA,Nigeria,,44.94,44.93786,,,,,
231,WHS7_156,Per capita total expenditure on health at average exchange rate (US$),https://www.who.int/data/gho/indicator-metadata-registry/imr-details/111,NHA_NGA,Nigeria note,,PUBLISHED,Published,,2005.0,2005,,AFR,2005,2005,Africa,,WB_LMI,Lower-middle-income,,NGA,Nigeria,,53.09,53.08568,,,,,
232,WHS7_156,Per capita total expenditure on health at average exchange rate (US$),https://www.who.int/data/gho/indicator-metadata-registry/imr-details/111,NHA_NGA,Nigeria note,,PUBLISHED,Published,,2006.0,2006,,AFR,2006,2006,Africa,,WB_LMI,Lower-middle-income,,NGA,Nigeria,,61.01,61.01491,,,,,
233,WHS7_156,Per capita total expenditure on health at average exchange rate (US$),https://www.who.int/data/gho/indicator-metadata-registry/imr-details/111,NHA_NGA,Nigeria note,,PUBLISHED,Published,,2007.0,2007,,AFR,2007,2007,Africa,,WB_LMI,Lower-middle-income,,NGA,Nigeria,,81.37,81.36762,,,,,
234,WHS7_156,Per capita total expenditure on health at average exchange rate (US$),https://www.who.int/data/gho/indicator-metadata-registry/imr-details/111,NHA_NGA,Nigeria note,,PUBLISHED,Published,,2008.0,2008,,AFR,2008,2008,Africa,,WB_LMI,Lower-middle-income,,NGA,Nigeria,,88.52,88.52019,,,,,
235,WHS7_156,Per capita total expenditure on health at average exchange rate (US$),https://www.who.int/data/gho/indicator-metadata-registry/imr-details/111,NHA_NGA,Nigeria note,,PUBLISHED,Published,,2009.0,2009,,AFR,2009,2009,Africa,,WB_LMI,Lower-middle-income,,NGA,Nigeria,,74.36,74.36452,,,,,
236,WHS7_156,Per capita total expenditure on health at average exchange rate (US$),https://www.who.int/data/gho/indicator-metadata-registry/imr-details/111,NHA_NGA,Nigeria note,,PUBLISHED,Published,,2010.0,2010,,AFR,2010,2010,Africa,,WB_LMI,Lower-middle-income,,NGA,Nigeria,,80.34,80.34139,,,,,
237,WHS7_156,Per capita total expenditure on health at average exchange rate (US$),https://www.who.int/data/gho/indicator-metadata-registry/imr-details/111,NHA_NGA,Nigeria note,,PUBLISHED,Published,,2011.0,2011,,AFR,2011,2011,Africa,,WB_LMI,Lower-middle-income,,NGA,Nigeria,,93.23,93.22631,,,,,
238,WHS7_156,Per capita total expenditure on health at average exchange rate (US$),https://www.who.int/data/gho/indicator-metadata-registry/imr-details/111,NHA_NGA,Nigeria note,,PUBLISHED,Published,,2012.0,2012,,AFR,2012,2012,Africa,,WB_LMI,Lower-middle-income,,NGA,Nigeria,,90.39,90.38962,,,,,
239,WHS7_156,Per capita total expenditure on health at average exchange rate (US$),https://www.who.int/data/gho/indicator-metadata-registry/imr-details/111,NHA_NGA,Nigeria note,,PUBLISHED,Published,,2013.0,2013,,AFR,2013,2013,Africa,,WB_LMI,Lower-middle-income,,NGA,Nigeria,,110.37,110.37120,,,,,
240,WHS7_156,Per capita total expenditure on health at average exchange rate (US$),https://www.who.int/data/gho/indicator-metadata-registry/imr-details/111,NHA_NGA,Nigeria note,,PUBLISHED,Published,,2014.0,2014,,AFR,2014,2014,Africa,,WB_LMI,Lower-middle-income,,NGA,Nigeria,,117.52,117.52055,,,,,
241,WHS7_150,Out-of-pocket expenditure as a percentage of total expenditure on health,https://www.who.int/data/gho/indicator-metadata-registry/imr-details/4445,NHA_NGA,Nigeria note,,PUBLISHED,Published,,1997.0,1997,,AFR,1997,1997,Africa,,WB_LMI,Lower-middle-income,,NGA,Nigeria,,71.31,71.31278,,,,,
242,WHS7_150,Out-of-pocket expenditure as a percentage of total expenditure on health,https://www.who.int/data/gho/indicator-metadata-registry/imr-details/4445,NHA_NGA,Nigeria note,,PUBLISHED,Published,,1998.0,1998,,AFR,1998,1998,Africa,,WB_LMI,Lower-middle-income,,NGA,Nigeria,,70.17,70.16698,,,,,
243,WHS7_150,Out-of-pocket expenditure as a percentage of total expenditure on health,https://www.who.int/data/gho/indicator-metadata-registry/imr-details/4445,NHA_NGA,Nigeria note,,PUBLISHED,Published,,2005.0,2005,,AFR,2005,2005,Africa,,WB_LMI,Lower-middle-income,,NGA,Nigeria,,67.86,67.85555,,,,,
244,WHS7_150,Out-of-pocket expenditure as a percentage of total expenditure on health,https://www.who.int/data/gho/indicator-metadata-registry/imr-details/4445,NHA_NGA,Nigeria note,,PUBLISHED,Published,,2006.0,2006,,AFR,2006,2006,Africa,,WB_LMI,Lower-middle-income,,NGA,Nigeria,,64.12,64.12439,,,,,
245,WHS7_150,Out-of-pocket expenditure as a percentage of total expenditure on health,https://www.who.int/data/gho/indicator-metadata-registry/imr-details/4445,NHA_NGA,Nigeria note,,PUBLISHED,Published,,2008.0,2008,,AFR,2008,2008,Africa,,WB_LMI,Lower-middle-income,,NGA,Nigeria,,60.48,60.48491,,,,,
246,WHS7_150,Out-of-pocket expenditure as a percentage of total expenditure on health,https://www.who.int/data/gho/indicator-metadata-registry/imr-details/4445,NHA_NGA,Nigeria note,,PUBLISHED,Published,,1995.0,1995,,AFR,1995,1995,Africa,,WB_LMI,Lower-middle-income,,NGA,Nigeria,,72.09,72.08619,,,,,
247,WHS7_150,Out-of-pocket expenditure as a percentage of total expenditure on health,https://www.who.int/data/gho/indicator-metadata-registry/imr-details/4445,NHA_NGA,Nigeria note,,PUBLISHED,Published,,2003.0,2003,,AFR,2003,2003,Africa,,WB_LMI,Lower-middle-income,,NGA,Nigeria,,74.66,74.66083,,,,,
248,WHS7_150,Out-of-pocket expenditure as a percentage of total expenditure on health,https://www.who.int/data/gho/indicator-metadata-registry/imr-details/4445,NHA_NGA,Nigeria note,,PUBLISHED,Published,,2004.0,2004,,AFR,2004,2004,Africa,,WB_LMI,Lower-middle-income,,NGA,Nigeria,,64.17,64.16938,,,,,
249,WHS7_150,Out-of-pocket expenditure as a percentage of total expenditure on health,https://www.who.int/data/gho/indicator-metadata-registry/imr-details/4445,NHA_NGA,Nigeria note,,PUBLISHED,Published,,2010.0,2010,,AFR,2010,2010,Africa,,WB_LMI,Lower-middle-income,,NGA,Nigeria,,70.62,70.62496,,,,,
250,WHS7_150,Out-of-pocket expenditure as a percentage of total expenditure on health,https://www.who.int/data/gho/indicator-metadata-registry/imr-details/4445,NHA_NGA,Nigeria note,,PUBLISHED,Published,,2001.0,2001,,AFR,2001,2001,Africa,,WB_LMI,Lower-middle-income,,NGA,Nigeria,,62.74,62.73982,,,,,
251,WHS7_150,Out-of-pocket expenditure as a percentage of total expenditure on health,https://www.who.int/data/gho/indicator-metadata-registry/imr-details/4445,NHA_NGA,Nigeria note,,PUBLISHED,Published,,2002.0,2002,,AFR,2002,2002,Africa,,WB_LMI,Lower-middle-income,,NGA,Nigeria,,67.3,67.29754,,,,,
252,WHS7_150,Out-of-pocket expenditure as a percentage of total expenditure on health,https://www.who.int/data/gho/indicator-metadata-registry/imr-details/4445,NHA_NGA,Nigeria note,,PUBLISHED,Published,,2011.0,2011,,AFR,2011,2011,Africa,,WB_LMI,Lower-middle-income,,NGA,Nigeria,,65.78,65.78162,,,,,
253,WHS7_150,Out-of-pocket expenditure as a percentage of total expenditure on health,https://www.who.int/data/gho/indicator-metadata-registry/imr-details/4445,NHA_NGA,Nigeria note,,PUBLISHED,Published,,1999.0,1999,,AFR,1999,1999,Africa,,WB_LMI,Lower-middle-income,,NGA,Nigeria,,67.16,67.15869,,,,,
254,WHS7_150,Out-of-pocket expenditure as a percentage of total expenditure on health,https://www.who.int/data/gho/indicator-metadata-registry/imr-details/4445,NHA_NGA,Nigeria note,,PUBLISHED,Published,,2014.0,2014,,AFR,2014,2014,Africa,,WB_LMI,Lower-middle-income,,NGA,Nigeria,,71.67,71.66871,,,,,
255,WHS7_150,Out-of-pocket expenditure as a percentage of total expenditure on health,https://www.who.int/data/gho/indicator-metadata-registry/imr-details/4445,NHA_NGA,Nigeria note,,PUBLISHED,Published,,1996.0,1996,,AFR,1996,1996,Africa,,WB_LMI,Lower-middle-income,,NGA,Nigeria,,75.23,75.22885,,,,,
256,WHS7_150,Out-of-pocket expenditure as a percentage of total expenditure on health,https://www.who.int/data/gho/indicator-metadata-registry/imr-details/4445,NHA_NGA,Nigeria note,,PUBLISHED,Published,,2000.0,2000,,AFR,2000,2000,Africa,,WB_LMI,Lower-middle-income,,NGA,Nigeria,,61.65,61.65204,,,,,
257,WHS7_150,Out-of-pocket expenditure as a percentage of total expenditure on health,https://www.who.int/data/gho/indicator-metadata-registry/imr-details/4445,NHA_NGA,Nigeria note,,PUBLISHED,Published,,2007.0,2007,,AFR,2007,2007,Africa,,WB_LMI,Lower-middle-income,,NGA,Nigeria,,64.28,64.27974,,,,,
258,WHS7_150,Out-of-pocket expenditure as a percentage of total expenditure on health,https://www.who.int/data/gho/indicator-metadata-registry/imr-details/4445,NHA_NGA,Nigeria note,,PUBLISHED,Published,,2013.0,2013,,AFR,2013,2013,Africa,,WB_LMI,Lower-middle-income,,NGA,Nigeria,,72.95,72.94896,,,,,
259,WHS7_150,Out-of-pocket expenditure as a percentage of total expenditure on health,https://www.who.int/data/gho/indicator-metadata-registry/imr-details/4445,NHA_NGA,Nigeria note,,PUBLISHED,Published,,2009.0,2009,,AFR,2009,2009,Africa,,WB_LMI,Lower-middle-income,,NGA,Nigeria,,65.83,65.83498,,,,,
260,WHS7_150,Out-of-pocket expenditure as a percentage of total expenditure on health,https://www.who.int/data/gho/indicator-metadata-registry/imr-details/4445,NHA_NGA,Nigeria note,,PUBLISHED,Published,,2012.0,2012,,AFR,2012,2012,Africa,,WB_LMI,Lower-middle-income,,NGA,Nigeria,,65.61,65.61384,,,,,
