index,GHO (CODE),GHO (DISPLAY),GHO (URL),DATASOURCE (CODE),DATASOURCE (DISPLAY),DATASOURCE (URL),PUBLISHSTATE (CODE),PUBLISHSTATE (DISPLAY),PUBLISHSTATE (URL),YEAR (CODE),YEAR (DISPLAY),YEAR (URL),REGION (CODE),STARTYEAR,ENDYEAR,REGION (DISPLAY),REGION (URL),COUNTRY (CODE),COUNTRY (DISPLAY),COUNTRY (URL),Display Value,Numeric,Low,High,StdErr,StdDev,Comments
0,#indicator+code,#indicator+name,#indicator+url,,#meta+source,,#status+code,#status+name,,,#date+year,,#region+code,#date+year+start,#date+year+end,#region+name,,#country+code,#country+name,,,#indicator+value+num,,,,,
1,MDG_0000000034,"Antiretroviral therapy coverage among people with advanced HIV infection (%), WHO 2006 guidelines",https://www.who.int/data/gho/indicator-metadata-registry/imr-details/12,,,,PUBLISHED,Published,,2009.0,2009,,AFR,2009,2009,Africa,,NGA,Nigeria,,31 [25-38],31.00000,25.0,38.0,,,
2,HIV_0000000012,"Reported number of children receiving antiretroviral therapy, month and year of report",https://www.who.int/data/gho/indicator-metadata-registry/imr-details/2924,,,,PUBLISHED,Published,,2009.0,2009,,AFR,2009,2009,Africa,,NGA,Nigeria,,Dec 09,0.00000,,,,,
3,HIV_0000000012,"Reported number of children receiving antiretroviral therapy, month and year of report",https://www.who.int/data/gho/indicator-metadata-registry/imr-details/2924,,,,PUBLISHED,Published,,2010.0,2010,,AFR,2010,2010,Africa,,NGA,Nigeria,,Dec. 10,,,,,,
4,PercposANC,Antenatal care attendees who were positive for syphilis (%),https://www.who.int/data/gho/indicator-metadata-registry/imr-details/3249,,,,PUBLISHED,Published,,2005.0,2005,,AFR,2005,2005,Africa,,NGA,Nigeria,,1.5,1.50000,,,,,
5,PercposMSM,Men who have sex with men (MSM) with active syphilis (%),https://www.who.int/data/gho/indicator-metadata-registry/imr-details/3251,,,,PUBLISHED,Published,,2008.0,2008,,AFR,2008,2008,Africa,,NGA,Nigeria,,0.0,0.00000,,,,,
6,PercposSW,Sex workers with active syphilis (%),https://www.who.int/data/gho/indicator-metadata-registry/imr-details/3250,,,,PUBLISHED,Published,,2008.0,2008,,AFR,2008,2008,Africa,,NGA,Nigeria,,1.4,1.36000,,,,,
7,MDG_0000000033,Antiretroviral therapy coverage among people with HIV infection eligible for ART according to 2010 guidelines (%),https://www.who.int/data/gho/indicator-metadata-registry/imr-details/12,,,,PUBLISHED,Published,,2012.0,2012,,AFR,2012,2012,Africa,,NGA,Nigeria,,32 [29-35],31.94480,29.00332,35.27108,,,
8,HIV_0000000022,Estimated number of people eligible for antiretroviral therapy according to 2010 guidelines,https://www.who.int/data/gho/indicator-metadata-registry/imr-details/2934,,,,PUBLISHED,Published,,2012.0,2012,,AFR,2012,2012,Africa,,NGA,Nigeria,,1 500 000 [1 400 000-1 700 000],1500000.00000,1400000.0,1700000.0,,,
9,PercposANC,Antenatal care attendees who were positive for syphilis (%),https://www.who.int/data/gho/indicator-metadata-registry/imr-details/3249,,,,PUBLISHED,Published,,2014.0,2014,,AFR,2014,2014,Africa,,NGA,Nigeria,,1.6,1.60000,,,,,Data collection period: 01/01/2014 to 31/12/2014. Source: National programme data. 
10,PerctreatedANC,Antenatal care attendees positive for syphilis who received treatment (%),https://www.who.int/data/gho/indicator-metadata-registry/imr-details/3777,,,,PUBLISHED,Published,,2014.0,2014,,AFR,2014,2014,Africa,,NGA,Nigeria,,72.3,72.30000,,,,,Source: National programme data. Comments: Data are obtained only from health facilities providing PMTCT services. Data are not representative.
11,PerctestedANC,Women accessing antenatal care (ANC) services who were tested for syphilis (%),https://www.who.int/data/gho/indicator-metadata-registry/imr-details/3248,,,,PUBLISHED,Published,,2014.0,2014,,AFR,2014,2014,Africa,,NGA,Nigeria,,14.9,14.90000,,,,,Source: National programme data.  Comments: Data entered for first ANC visit. Data on visits other than first visits not available.  Data are not representative.
12,HIV_0000000007,"Testing and counselling facilities, reported number",https://www.who.int/data/gho/indicator-metadata-registry/imr-details/2925,,,,PUBLISHED,Published,,2014.0,2014,,AFR,2014,2014,Africa,,NGA,Nigeria,, 8 114,8114.00000,,,,,
13,HIV_0000000008,"Testing and counselling facilities, estimated number per 100 000 adult population",https://www.who.int/data/gho/indicator-metadata-registry/imr-details/2926,,,,PUBLISHED,Published,,2014.0,2014,,AFR,2014,2014,Africa,,NGA,Nigeria,,8,8.00000,,,,,
14,HIV_0000000025,"Testing and counselling facilities, reporting period",https://www.who.int/data/gho/indicator-metadata-registry/imr-details/2931,,,,PUBLISHED,Published,,2014.0,2014,,AFR,2014,2014,Africa,,NGA,Nigeria,,Jan.2014-Dec.2014,,,,,,
15,HIV_0000000017,"Number of people aged 15 years and over who received HIV testing and counselling, reported number",https://www.who.int/data/gho/indicator-metadata-registry/imr-details/2930,,,,PUBLISHED,Published,,2014.0,2014,,AFR,2014,2014,Africa,,NGA,Nigeria,,5 943 493,5943493.00000,,,,,
16,HIV_0000000018,"People aged 15 years and over who received HIV testing and counselling, estimated number per 1000 adult population",https://www.who.int/data/gho/indicator-metadata-registry/imr-details/2931,,,,PUBLISHED,Published,,2014.0,2014,,AFR,2014,2014,Africa,,NGA,Nigeria,,60,60.00000,,,,,
17,HIV_0000000019,"Number of people aged 15 years and over who received HIV testing and counselling, reporting period",https://www.who.int/data/gho/indicator-metadata-registry/imr-details/2931,,,,PUBLISHED,Published,,2014.0,2014,,AFR,2014,2014,Africa,,NGA,Nigeria,,Jan. 2014-Dec. 2014,,,,,,
18,PercposANC,Antenatal care attendees who were positive for syphilis (%),https://www.who.int/data/gho/indicator-metadata-registry/imr-details/3249,GARPR,GARPR,,PUBLISHED,Published,,2015.0,2015,,AFR,2015,2015,Africa,,NGA,Nigeria,,0.7,0.70000,,,,,
19,PerctreatedANC,Antenatal care attendees positive for syphilis who received treatment (%),https://www.who.int/data/gho/indicator-metadata-registry/imr-details/3777,GARPR,GARPR,,PUBLISHED,Published,,2015.0,2015,,AFR,2015,2015,Africa,,NGA,Nigeria,,61.2,61.20000,,,,,
20,PerctestedANC,Women accessing antenatal care (ANC) services who were tested for syphilis (%),https://www.who.int/data/gho/indicator-metadata-registry/imr-details/3248,GARPR,GARPR,,PUBLISHED,Published,,2015.0,2015,,AFR,2015,2015,Africa,,NGA,Nigeria,,13.7,13.70000,,,,,
21,PercposANC,Antenatal care attendees who were positive for syphilis (%),https://www.who.int/data/gho/indicator-metadata-registry/imr-details/3249,,,,PUBLISHED,Published,,2016.0,2016,,AFR,2016,2016,Africa,,NGA,Nigeria,,1.2,1.22063,,,,,
22,PerctestedANC,Women accessing antenatal care (ANC) services who were tested for syphilis (%),https://www.who.int/data/gho/indicator-metadata-registry/imr-details/3248,,,,PUBLISHED,Published,,2016.0,2016,,AFR,2016,2016,Africa,,NGA,Nigeria,,14.7,14.70000,,,,,
23,PerctreatedANC,Antenatal care attendees positive for syphilis who received treatment (%),https://www.who.int/data/gho/indicator-metadata-registry/imr-details/3777,,,,PUBLISHED,Published,,2016.0,2016,,AFR,2016,2016,Africa,,NGA,Nigeria,,99.4,99.36778,,,,,
24,PerctestedANC,Women accessing antenatal care (ANC) services who were tested for syphilis (%),https://www.who.int/data/gho/indicator-metadata-registry/imr-details/3248,,,,PUBLISHED,Published,,2017.0,2017,,AFR,2017,2017,Africa,,NGA,Nigeria,,16.1,16.10000,,,,,GARPR. National programme data.Available data is not disaggregated by age hence all data lumped under age 25+..Data is not disaggregated by age hence all data lumped under age 25+. Data on prenatal visit is not available.
25,PercposANC,Antenatal care attendees who were positive for syphilis (%),https://www.who.int/data/gho/indicator-metadata-registry/imr-details/3249,,,,PUBLISHED,Published,,2017.0,2017,,AFR,2017,2017,Africa,,NGA,Nigeria,,0.8,0.76000,,,,,GARPR. Available data is not disaggregated by age hence all data lumped under age 25+..National programme data.
26,PerctreatedANC,Antenatal care attendees positive for syphilis who received treatment (%),https://www.who.int/data/gho/indicator-metadata-registry/imr-details/3777,,,,PUBLISHED,Published,,2017.0,2017,,AFR,2017,2017,Africa,,NGA,Nigeria,,74.8,74.80000,,,,,GARPR. Available data is not disaggregated by age hence all data lumped under age 25+.National programme data.Data is not disaggregated by age hence all data lumped under age 25+. Data on prenatal visit is not available.
27,PercposANC,Antenatal care attendees who were positive for syphilis (%),https://www.who.int/data/gho/indicator-metadata-registry/imr-details/3249,,,,PUBLISHED,Published,,2018.0,2018,,AFR,2018,2018,Africa,,NGA,Nigeria,,0.5,0.50000,,,,,GARPR.
28,PerctreatedANC,Antenatal care attendees positive for syphilis who received treatment (%),https://www.who.int/data/gho/indicator-metadata-registry/imr-details/3777,,,,PUBLISHED,Published,,2018.0,2018,,AFR,2018,2018,Africa,,NGA,Nigeria,,74.9,74.90000,,,,,GARPR.
29,HIV_0000000029,"Reported number of tests performed where results were received by a person (testing volume), reporting period",https://www.who.int/data/gho/indicator-metadata-registry/imr-details/2931,,,,PUBLISHED,Published,,2018.0,2018,,AFR,2018,2018,Africa,,NGA,Nigeria,,Jan 2018 - Dec 2018,,,,,,
30,HIV_0000000027,Reported number of tests performed where results were received by a person (testing volume),https://www.who.int/data/gho/indicator-metadata-registry/imr-details/2930,,,,PUBLISHED,Published,,2018.0,2018,,AFR,2018,2018,Africa,,NGA,Nigeria,,9 777 267,9777267.00000,,,,,
31,HIV_0000000028,"Estimated number of tests performed where results were received by a person (testing volume), estimated number per 1000 population",https://www.who.int/data/gho/indicator-metadata-registry/imr-details/2931,,,,PUBLISHED,Published,,2018.0,2018,,AFR,2018,2018,Africa,,NGA,Nigeria,,50,49.90948,,,,,
32,HIV_0000000026,Number of new HIV infections,https://www.who.int/data/gho/indicator-metadata-registry/imr-details/4659,,,,PUBLISHED,Published,,2000.0,2000,,AFR,2000,2000,Africa,,NGA,Nigeria,,130 000 [76 000–220 000],130000.00000,76000.0,220000.0,,,
33,HIV_0000000026,Number of new HIV infections,https://www.who.int/data/gho/indicator-metadata-registry/imr-details/4659,,,,PUBLISHED,Published,,2001.0,2001,,AFR,2001,2001,Africa,,NGA,Nigeria,,120 000 [74 000–210 000],120000.00000,74000.0,210000.0,,,
34,HIV_0000000026,Number of new HIV infections,https://www.who.int/data/gho/indicator-metadata-registry/imr-details/4659,,,,PUBLISHED,Published,,2002.0,2002,,AFR,2002,2002,Africa,,NGA,Nigeria,,120 000 [73 000–210 000],120000.00000,73000.0,210000.0,,,
35,HIV_0000000026,Number of new HIV infections,https://www.who.int/data/gho/indicator-metadata-registry/imr-details/4659,,,,PUBLISHED,Published,,2003.0,2003,,AFR,2003,2003,Africa,,NGA,Nigeria,,120 000 [72 000–200 000],120000.00000,72000.0,200000.0,,,
36,HIV_0000000026,Number of new HIV infections,https://www.who.int/data/gho/indicator-metadata-registry/imr-details/4659,,,,PUBLISHED,Published,,2004.0,2004,,AFR,2004,2004,Africa,,NGA,Nigeria,,120 000 [71 000–200 000],120000.00000,71000.0,200000.0,,,
37,HIV_0000000026,Number of new HIV infections,https://www.who.int/data/gho/indicator-metadata-registry/imr-details/4659,,,,PUBLISHED,Published,,2005.0,2005,,AFR,2005,2005,Africa,,NGA,Nigeria,,120 000 [71 000–200 000],120000.00000,71000.0,200000.0,,,
38,HIV_0000000026,Number of new HIV infections,https://www.who.int/data/gho/indicator-metadata-registry/imr-details/4659,,,,PUBLISHED,Published,,2006.0,2006,,AFR,2006,2006,Africa,,NGA,Nigeria,,120 000 [70 000–200 000],120000.00000,70000.0,200000.0,,,
39,HIV_0000000026,Number of new HIV infections,https://www.who.int/data/gho/indicator-metadata-registry/imr-details/4659,,,,PUBLISHED,Published,,2007.0,2007,,AFR,2007,2007,Africa,,NGA,Nigeria,,120 000 [70 000–200 000],120000.00000,70000.0,200000.0,,,
40,HIV_0000000026,Number of new HIV infections,https://www.who.int/data/gho/indicator-metadata-registry/imr-details/4659,,,,PUBLISHED,Published,,2008.0,2008,,AFR,2008,2008,Africa,,NGA,Nigeria,,120 000 [71 000–200 000],120000.00000,71000.0,200000.0,,,
41,HIV_0000000026,Number of new HIV infections,https://www.who.int/data/gho/indicator-metadata-registry/imr-details/4659,,,,PUBLISHED,Published,,2009.0,2009,,AFR,2009,2009,Africa,,NGA,Nigeria,,120 000 [70 000–200 000],120000.00000,70000.0,200000.0,,,
42,HIV_0000000026,Number of new HIV infections,https://www.who.int/data/gho/indicator-metadata-registry/imr-details/4659,,,,PUBLISHED,Published,,2010.0,2010,,AFR,2010,2010,Africa,,NGA,Nigeria,,120 000 [70 000–200 000],120000.00000,70000.0,200000.0,,,
43,HIV_0000000026,Number of new HIV infections,https://www.who.int/data/gho/indicator-metadata-registry/imr-details/4659,,,,PUBLISHED,Published,,2011.0,2011,,AFR,2011,2011,Africa,,NGA,Nigeria,,120 000 [70 000–200 000],120000.00000,70000.0,200000.0,,,
44,HIV_0000000026,Number of new HIV infections,https://www.who.int/data/gho/indicator-metadata-registry/imr-details/4659,,,,PUBLISHED,Published,,2012.0,2012,,AFR,2012,2012,Africa,,NGA,Nigeria,,120 000 [69 000–200 000],120000.00000,69000.0,200000.0,,,
45,HIV_0000000026,Number of new HIV infections,https://www.who.int/data/gho/indicator-metadata-registry/imr-details/4659,,,,PUBLISHED,Published,,2013.0,2013,,AFR,2013,2013,Africa,,NGA,Nigeria,,110 000 [65 000–190 000],110000.00000,65000.0,190000.0,,,
46,HIV_0000000026,Number of new HIV infections,https://www.who.int/data/gho/indicator-metadata-registry/imr-details/4659,,,,PUBLISHED,Published,,2014.0,2014,,AFR,2014,2014,Africa,,NGA,Nigeria,,100 000 [62 000–180 000],100000.00000,62000.0,180000.0,,,
47,HIV_0000000026,Number of new HIV infections,https://www.who.int/data/gho/indicator-metadata-registry/imr-details/4659,,,,PUBLISHED,Published,,2015.0,2015,,AFR,2015,2015,Africa,,NGA,Nigeria,,100 000 [61 000–170 000],100000.00000,61000.0,170000.0,,,
48,HIV_0000000026,Number of new HIV infections,https://www.who.int/data/gho/indicator-metadata-registry/imr-details/4659,,,,PUBLISHED,Published,,2016.0,2016,,AFR,2016,2016,Africa,,NGA,Nigeria,,100 000 [60 000–170 000],100000.00000,60000.0,170000.0,,,
49,HIV_0000000026,Number of new HIV infections,https://www.who.int/data/gho/indicator-metadata-registry/imr-details/4659,,,,PUBLISHED,Published,,2017.0,2017,,AFR,2017,2017,Africa,,NGA,Nigeria,,100 000 [60 000–170 000],100000.00000,60000.0,170000.0,,,
50,HIV_0000000026,Number of new HIV infections,https://www.who.int/data/gho/indicator-metadata-registry/imr-details/4659,,,,PUBLISHED,Published,,2018.0,2018,,AFR,2018,2018,Africa,,NGA,Nigeria,,100 000 [61 000–170 000],100000.00000,61000.0,170000.0,,,
51,HIV_0000000026,Number of new HIV infections,https://www.who.int/data/gho/indicator-metadata-registry/imr-details/4659,,,,PUBLISHED,Published,,2019.0,2019,,AFR,2019,2019,Africa,,NGA,Nigeria,,100 000 [61 000–180 000],100000.00000,61000.0,180000.0,,,
52,HIV_0000000001,Estimated number of people (all ages) living with HIV,https://www.who.int/data/gho/indicator-metadata-registry/imr-details/2921,,,,PUBLISHED,Published,,2000.0,2000,,AFR,2000,2000,Africa,,NGA,Nigeria,,1 000 000 [740 000–1 300 000],1000000.00000,740000.0,1300000.0,,,
53,HIV_0000000001,Estimated number of people (all ages) living with HIV,https://www.who.int/data/gho/indicator-metadata-registry/imr-details/2921,,,,PUBLISHED,Published,,2001.0,2001,,AFR,2001,2001,Africa,,NGA,Nigeria,,1 000 000 [780 000–1 400 000],1000000.00000,780000.0,1400000.0,,,
54,HIV_0000000001,Estimated number of people (all ages) living with HIV,https://www.who.int/data/gho/indicator-metadata-registry/imr-details/2921,,,,PUBLISHED,Published,,2002.0,2002,,AFR,2002,2002,Africa,,NGA,Nigeria,,1 100 000 [810 000–1 500 000],1100000.00000,810000.0,1500000.0,,,
55,HIV_0000000001,Estimated number of people (all ages) living with HIV,https://www.who.int/data/gho/indicator-metadata-registry/imr-details/2921,,,,PUBLISHED,Published,,2003.0,2003,,AFR,2003,2003,Africa,,NGA,Nigeria,,1 100 000 [830 000–1 500 000],1100000.00000,830000.0,1500000.0,,,
56,HIV_0000000001,Estimated number of people (all ages) living with HIV,https://www.who.int/data/gho/indicator-metadata-registry/imr-details/2921,,,,PUBLISHED,Published,,2004.0,2004,,AFR,2004,2004,Africa,,NGA,Nigeria,,1 100 000 [850 000–1 500 000],1100000.00000,850000.0,1500000.0,,,
57,HIV_0000000001,Estimated number of people (all ages) living with HIV,https://www.who.int/data/gho/indicator-metadata-registry/imr-details/2921,,,,PUBLISHED,Published,,2005.0,2005,,AFR,2005,2005,Africa,,NGA,Nigeria,,1 200 000 [880 000–1 600 000],1200000.00000,880000.0,1600000.0,,,
58,HIV_0000000001,Estimated number of people (all ages) living with HIV,https://www.who.int/data/gho/indicator-metadata-registry/imr-details/2921,,,,PUBLISHED,Published,,2006.0,2006,,AFR,2006,2006,Africa,,NGA,Nigeria,,1 200 000 [900 000–1 600 000],1200000.00000,900000.0,1600000.0,,,
59,HIV_0000000001,Estimated number of people (all ages) living with HIV,https://www.who.int/data/gho/indicator-metadata-registry/imr-details/2921,,,,PUBLISHED,Published,,2007.0,2007,,AFR,2007,2007,Africa,,NGA,Nigeria,,1 200 000 [930 000–1 700 000],1200000.00000,930000.0,1700000.0,,,
60,HIV_0000000001,Estimated number of people (all ages) living with HIV,https://www.who.int/data/gho/indicator-metadata-registry/imr-details/2921,,,,PUBLISHED,Published,,2008.0,2008,,AFR,2008,2008,Africa,,NGA,Nigeria,,1 300 000 [950 000–1 700 000],1300000.00000,950000.0,1700000.0,,,
61,HIV_0000000001,Estimated number of people (all ages) living with HIV,https://www.who.int/data/gho/indicator-metadata-registry/imr-details/2921,,,,PUBLISHED,Published,,2009.0,2009,,AFR,2009,2009,Africa,,NGA,Nigeria,,1 300 000 [980 000–1 800 000],1300000.00000,980000.0,1800000.0,,,
62,HIV_0000000001,Estimated number of people (all ages) living with HIV,https://www.who.int/data/gho/indicator-metadata-registry/imr-details/2921,,,,PUBLISHED,Published,,2010.0,2010,,AFR,2010,2010,Africa,,NGA,Nigeria,,1 400 000 [1 000 000–1 800 000],1400000.00000,1000000.0,1800000.0,,,
63,HIV_0000000001,Estimated number of people (all ages) living with HIV,https://www.who.int/data/gho/indicator-metadata-registry/imr-details/2921,,,,PUBLISHED,Published,,2011.0,2011,,AFR,2011,2011,Africa,,NGA,Nigeria,,1 400 000 [1 000 000–1 900 000],1400000.00000,1000000.0,1900000.0,,,
64,HIV_0000000001,Estimated number of people (all ages) living with HIV,https://www.who.int/data/gho/indicator-metadata-registry/imr-details/2921,,,,PUBLISHED,Published,,2012.0,2012,,AFR,2012,2012,Africa,,NGA,Nigeria,,1 400 000 [1 100 000–1 900 000],1400000.00000,1100000.0,1900000.0,,,
65,HIV_0000000001,Estimated number of people (all ages) living with HIV,https://www.who.int/data/gho/indicator-metadata-registry/imr-details/2921,,,,PUBLISHED,Published,,2013.0,2013,,AFR,2013,2013,Africa,,NGA,Nigeria,,1 500 000 [1 100 000–2 000 000],1500000.00000,1100000.0,2000000.0,,,
66,HIV_0000000001,Estimated number of people (all ages) living with HIV,https://www.who.int/data/gho/indicator-metadata-registry/imr-details/2921,,,,PUBLISHED,Published,,2014.0,2014,,AFR,2014,2014,Africa,,NGA,Nigeria,,1 500 000 [1 100 000–2 100 000],1500000.00000,1100000.0,2100000.0,,,
67,HIV_0000000001,Estimated number of people (all ages) living with HIV,https://www.who.int/data/gho/indicator-metadata-registry/imr-details/2921,,,,PUBLISHED,Published,,2015.0,2015,,AFR,2015,2015,Africa,,NGA,Nigeria,,1 600 000 [1 200 000–2 100 000],1600000.00000,1200000.0,2100000.0,,,
68,HIV_0000000001,Estimated number of people (all ages) living with HIV,https://www.who.int/data/gho/indicator-metadata-registry/imr-details/2921,,,,PUBLISHED,Published,,2016.0,2016,,AFR,2016,2016,Africa,,NGA,Nigeria,,1 600 000 [1 200 000–2 200 000],1600000.00000,1200000.0,2200000.0,,,
69,HIV_0000000001,Estimated number of people (all ages) living with HIV,https://www.who.int/data/gho/indicator-metadata-registry/imr-details/2921,,,,PUBLISHED,Published,,2017.0,2017,,AFR,2017,2017,Africa,,NGA,Nigeria,,1 700 000 [1 200 000–2 200 000],1700000.00000,1200000.0,2200000.0,,,
70,HIV_0000000001,Estimated number of people (all ages) living with HIV,https://www.who.int/data/gho/indicator-metadata-registry/imr-details/2921,,,,PUBLISHED,Published,,2018.0,2018,,AFR,2018,2018,Africa,,NGA,Nigeria,,1 700 000 [1 300 000–2 300 000],1700000.00000,1300000.0,2300000.0,,,
71,HIV_0000000001,Estimated number of people (all ages) living with HIV,https://www.who.int/data/gho/indicator-metadata-registry/imr-details/2921,,,,PUBLISHED,Published,,2019.0,2019,,AFR,2019,2019,Africa,,NGA,Nigeria,,1 800 000 [1 300 000–2 400 000],1800000.00000,1300000.0,2400000.0,,,
72,HIV_0000000009,Reported number of people receiving antiretroviral therapy,https://www.who.int/data/gho/indicator-metadata-registry/imr-details/2924,,,,PUBLISHED,Published,,2000.0,2000,,AFR,2000,2000,Africa,,NGA,Nigeria,,1475,1475.00000,,,,,
73,HIV_0000000009,Reported number of people receiving antiretroviral therapy,https://www.who.int/data/gho/indicator-metadata-registry/imr-details/2924,,,,PUBLISHED,Published,,2001.0,2001,,AFR,2001,2001,Africa,,NGA,Nigeria,,2965,2965.00000,,,,,
74,HIV_0000000009,Reported number of people receiving antiretroviral therapy,https://www.who.int/data/gho/indicator-metadata-registry/imr-details/2924,,,,PUBLISHED,Published,,2002.0,2002,,AFR,2002,2002,Africa,,NGA,Nigeria,,5226,5226.00000,,,,,
75,HIV_0000000009,Reported number of people receiving antiretroviral therapy,https://www.who.int/data/gho/indicator-metadata-registry/imr-details/2924,,,,PUBLISHED,Published,,2003.0,2003,,AFR,2003,2003,Africa,,NGA,Nigeria,,23072,23072.00000,,,,,
76,HIV_0000000009,Reported number of people receiving antiretroviral therapy,https://www.who.int/data/gho/indicator-metadata-registry/imr-details/2924,,,,PUBLISHED,Published,,2004.0,2004,,AFR,2004,2004,Africa,,NGA,Nigeria,,53154,53154.00000,,,,,
77,HIV_0000000009,Reported number of people receiving antiretroviral therapy,https://www.who.int/data/gho/indicator-metadata-registry/imr-details/2924,,,,PUBLISHED,Published,,2005.0,2005,,AFR,2005,2005,Africa,,NGA,Nigeria,,76361,76361.00000,,,,,
78,HIV_0000000009,Reported number of people receiving antiretroviral therapy,https://www.who.int/data/gho/indicator-metadata-registry/imr-details/2924,,,,PUBLISHED,Published,,2006.0,2006,,AFR,2006,2006,Africa,,NGA,Nigeria,,129172,129172.00000,,,,,
79,HIV_0000000009,Reported number of people receiving antiretroviral therapy,https://www.who.int/data/gho/indicator-metadata-registry/imr-details/2924,,,,PUBLISHED,Published,,2007.0,2007,,AFR,2007,2007,Africa,,NGA,Nigeria,,149271,149271.00000,,,,,
80,HIV_0000000009,Reported number of people receiving antiretroviral therapy,https://www.who.int/data/gho/indicator-metadata-registry/imr-details/2924,,,,PUBLISHED,Published,,2008.0,2008,,AFR,2008,2008,Africa,,NGA,Nigeria,,230795,230795.00000,,,,,
81,HIV_0000000009,Reported number of people receiving antiretroviral therapy,https://www.who.int/data/gho/indicator-metadata-registry/imr-details/2924,,,,PUBLISHED,Published,,2009.0,2009,,AFR,2009,2009,Africa,,NGA,Nigeria,,294905,294905.00000,,,,,
82,HIV_0000000009,Reported number of people receiving antiretroviral therapy,https://www.who.int/data/gho/indicator-metadata-registry/imr-details/2924,,,,PUBLISHED,Published,,2010.0,2010,,AFR,2010,2010,Africa,,NGA,Nigeria,,342582,342582.00000,,,,,
83,HIV_0000000009,Reported number of people receiving antiretroviral therapy,https://www.who.int/data/gho/indicator-metadata-registry/imr-details/2924,,,,PUBLISHED,Published,,2011.0,2011,,AFR,2011,2011,Africa,,NGA,Nigeria,,398903,398903.00000,,,,,
84,HIV_0000000009,Reported number of people receiving antiretroviral therapy,https://www.who.int/data/gho/indicator-metadata-registry/imr-details/2924,,,,PUBLISHED,Published,,2012.0,2012,,AFR,2012,2012,Africa,,NGA,Nigeria,,512714,512714.00000,,,,,
85,HIV_0000000009,Reported number of people receiving antiretroviral therapy,https://www.who.int/data/gho/indicator-metadata-registry/imr-details/2924,,,,PUBLISHED,Published,,2013.0,2013,,AFR,2013,2013,Africa,,NGA,Nigeria,,622538,622538.00000,,,,,
86,HIV_0000000009,Reported number of people receiving antiretroviral therapy,https://www.who.int/data/gho/indicator-metadata-registry/imr-details/2924,,,,PUBLISHED,Published,,2014.0,2014,,AFR,2014,2014,Africa,,NGA,Nigeria,,706784,706784.00000,,,,,
87,HIV_0000000009,Reported number of people receiving antiretroviral therapy,https://www.who.int/data/gho/indicator-metadata-registry/imr-details/2924,,,,PUBLISHED,Published,,2015.0,2015,,AFR,2015,2015,Africa,,NGA,Nigeria,,787541,787541.00000,,,,,
88,HIV_0000000009,Reported number of people receiving antiretroviral therapy,https://www.who.int/data/gho/indicator-metadata-registry/imr-details/2924,,,,PUBLISHED,Published,,2016.0,2016,,AFR,2016,2016,Africa,,NGA,Nigeria,,893187,893187.00000,,,,,
89,HIV_0000000009,Reported number of people receiving antiretroviral therapy,https://www.who.int/data/gho/indicator-metadata-registry/imr-details/2924,,,,PUBLISHED,Published,,2017.0,2017,,AFR,2017,2017,Africa,,NGA,Nigeria,,953613,953613.00000,,,,,
90,HIV_0000000009,Reported number of people receiving antiretroviral therapy,https://www.who.int/data/gho/indicator-metadata-registry/imr-details/2924,,,,PUBLISHED,Published,,2018.0,2018,,AFR,2018,2018,Africa,,NGA,Nigeria,,1002610,1002610.00000,,,,,
91,HIV_0000000009,Reported number of people receiving antiretroviral therapy,https://www.who.int/data/gho/indicator-metadata-registry/imr-details/2924,,,,PUBLISHED,Published,,2019.0,2019,,AFR,2019,2019,Africa,,NGA,Nigeria,,1141064,1141064.00000,,,,,
92,HIV_0000000006,Number of deaths due to HIV/AIDS,https://www.who.int/data/gho/indicator-metadata-registry/imr-details/2922,,,,PUBLISHED,Published,,2000.0,2000,,AFR,2000,2000,Africa,,NGA,Nigeria,,62 000 [38 000–99 000],62000.00000,38000.0,99000.0,,,
93,HIV_0000000006,Number of deaths due to HIV/AIDS,https://www.who.int/data/gho/indicator-metadata-registry/imr-details/2922,,,,PUBLISHED,Published,,2001.0,2001,,AFR,2001,2001,Africa,,NGA,Nigeria,,67 000 [42 000–110 000],67000.00000,42000.0,110000.0,,,
94,HIV_0000000006,Number of deaths due to HIV/AIDS,https://www.who.int/data/gho/indicator-metadata-registry/imr-details/2922,,,,PUBLISHED,Published,,2002.0,2002,,AFR,2002,2002,Africa,,NGA,Nigeria,,72 000 [45 000–120 000],72000.00000,45000.0,120000.0,,,
95,HIV_0000000006,Number of deaths due to HIV/AIDS,https://www.who.int/data/gho/indicator-metadata-registry/imr-details/2922,,,,PUBLISHED,Published,,2003.0,2003,,AFR,2003,2003,Africa,,NGA,Nigeria,,76 000 [47 000–120 000],76000.00000,47000.0,120000.0,,,
96,HIV_0000000006,Number of deaths due to HIV/AIDS,https://www.who.int/data/gho/indicator-metadata-registry/imr-details/2922,,,,PUBLISHED,Published,,2004.0,2004,,AFR,2004,2004,Africa,,NGA,Nigeria,,77 000 [48 000–130 000],77000.00000,48000.0,130000.0,,,
97,HIV_0000000006,Number of deaths due to HIV/AIDS,https://www.who.int/data/gho/indicator-metadata-registry/imr-details/2922,,,,PUBLISHED,Published,,2005.0,2005,,AFR,2005,2005,Africa,,NGA,Nigeria,,76 000 [47 000–120 000],76000.00000,47000.0,120000.0,,,
98,HIV_0000000006,Number of deaths due to HIV/AIDS,https://www.who.int/data/gho/indicator-metadata-registry/imr-details/2922,,,,PUBLISHED,Published,,2006.0,2006,,AFR,2006,2006,Africa,,NGA,Nigeria,,76 000 [47 000–120 000],76000.00000,47000.0,120000.0,,,
99,HIV_0000000006,Number of deaths due to HIV/AIDS,https://www.who.int/data/gho/indicator-metadata-registry/imr-details/2922,,,,PUBLISHED,Published,,2007.0,2007,,AFR,2007,2007,Africa,,NGA,Nigeria,,72 000 [45 000–120 000],72000.00000,45000.0,120000.0,,,
100,HIV_0000000006,Number of deaths due to HIV/AIDS,https://www.who.int/data/gho/indicator-metadata-registry/imr-details/2922,,,,PUBLISHED,Published,,2008.0,2008,,AFR,2008,2008,Africa,,NGA,Nigeria,,74 000 [46 000–120 000],74000.00000,46000.0,120000.0,,,
101,HIV_0000000006,Number of deaths due to HIV/AIDS,https://www.who.int/data/gho/indicator-metadata-registry/imr-details/2922,,,,PUBLISHED,Published,,2009.0,2009,,AFR,2009,2009,Africa,,NGA,Nigeria,,69 000 [43 000–110 000],69000.00000,43000.0,110000.0,,,
102,HIV_0000000006,Number of deaths due to HIV/AIDS,https://www.who.int/data/gho/indicator-metadata-registry/imr-details/2922,,,,PUBLISHED,Published,,2010.0,2010,,AFR,2010,2010,Africa,,NGA,Nigeria,,69 000 [42 000–110 000],69000.00000,42000.0,110000.0,,,
103,HIV_0000000006,Number of deaths due to HIV/AIDS,https://www.who.int/data/gho/indicator-metadata-registry/imr-details/2922,,,,PUBLISHED,Published,,2011.0,2011,,AFR,2011,2011,Africa,,NGA,Nigeria,,70 000 [43 000–110 000],70000.00000,43000.0,110000.0,,,
104,HIV_0000000006,Number of deaths due to HIV/AIDS,https://www.who.int/data/gho/indicator-metadata-registry/imr-details/2922,,,,PUBLISHED,Published,,2012.0,2012,,AFR,2012,2012,Africa,,NGA,Nigeria,,65 000 [40 000–100 000],65000.00000,40000.0,100000.0,,,
105,HIV_0000000006,Number of deaths due to HIV/AIDS,https://www.who.int/data/gho/indicator-metadata-registry/imr-details/2922,,,,PUBLISHED,Published,,2013.0,2013,,AFR,2013,2013,Africa,,NGA,Nigeria,,55 000 [34 000–88 000],55000.00000,34000.0,88000.0,,,
106,HIV_0000000006,Number of deaths due to HIV/AIDS,https://www.who.int/data/gho/indicator-metadata-registry/imr-details/2922,,,,PUBLISHED,Published,,2014.0,2014,,AFR,2014,2014,Africa,,NGA,Nigeria,,46 000 [29 000–75 000],46000.00000,29000.0,75000.0,,,
107,HIV_0000000006,Number of deaths due to HIV/AIDS,https://www.who.int/data/gho/indicator-metadata-registry/imr-details/2922,,,,PUBLISHED,Published,,2015.0,2015,,AFR,2015,2015,Africa,,NGA,Nigeria,,43 000 [26 000–69 000],43000.00000,26000.0,69000.0,,,
108,HIV_0000000006,Number of deaths due to HIV/AIDS,https://www.who.int/data/gho/indicator-metadata-registry/imr-details/2922,,,,PUBLISHED,Published,,2016.0,2016,,AFR,2016,2016,Africa,,NGA,Nigeria,,42 000 [26 000–69 000],42000.00000,26000.0,69000.0,,,
109,HIV_0000000006,Number of deaths due to HIV/AIDS,https://www.who.int/data/gho/indicator-metadata-registry/imr-details/2922,,,,PUBLISHED,Published,,2017.0,2017,,AFR,2017,2017,Africa,,NGA,Nigeria,,43 000 [27 000–69 000],43000.00000,27000.0,69000.0,,,
110,HIV_0000000006,Number of deaths due to HIV/AIDS,https://www.who.int/data/gho/indicator-metadata-registry/imr-details/2922,,,,PUBLISHED,Published,,2018.0,2018,,AFR,2018,2018,Africa,,NGA,Nigeria,,43 000 [27 000–70 000],43000.00000,27000.0,70000.0,,,
111,HIV_0000000006,Number of deaths due to HIV/AIDS,https://www.who.int/data/gho/indicator-metadata-registry/imr-details/2922,,,,PUBLISHED,Published,,2019.0,2019,,AFR,2019,2019,Africa,,NGA,Nigeria,,45 000 [28 000–72 000],45000.00000,28000.0,72000.0,,,
112,HIV_0000000015,Number of pregnant women living with HIV who received antiretrovirals (excluding single dose Nevirapine)  for preventing mother-to-child transmission,https://www.who.int/data/gho/indicator-metadata-registry/imr-details/2936,,,,PUBLISHED,Published,,2010.0,2010,,AFR,2010,2010,Africa,,NGA,Nigeria,,24717,24717.00000,,,,,
113,HIV_0000000015,Number of pregnant women living with HIV who received antiretrovirals (excluding single dose Nevirapine)  for preventing mother-to-child transmission,https://www.who.int/data/gho/indicator-metadata-registry/imr-details/2936,,,,PUBLISHED,Published,,2011.0,2011,,AFR,2011,2011,Africa,,NGA,Nigeria,,30456,30456.00000,,,,,
114,HIV_0000000015,Number of pregnant women living with HIV who received antiretrovirals (excluding single dose Nevirapine)  for preventing mother-to-child transmission,https://www.who.int/data/gho/indicator-metadata-registry/imr-details/2936,,,,PUBLISHED,Published,,2012.0,2012,,AFR,2012,2012,Africa,,NGA,Nigeria,,37575,37575.00000,,,,,
115,HIV_0000000015,Number of pregnant women living with HIV who received antiretrovirals (excluding single dose Nevirapine)  for preventing mother-to-child transmission,https://www.who.int/data/gho/indicator-metadata-registry/imr-details/2936,,,,PUBLISHED,Published,,2013.0,2013,,AFR,2013,2013,Africa,,NGA,Nigeria,,50178,50178.00000,,,,,
116,HIV_0000000015,Number of pregnant women living with HIV who received antiretrovirals (excluding single dose Nevirapine)  for preventing mother-to-child transmission,https://www.who.int/data/gho/indicator-metadata-registry/imr-details/2936,,,,PUBLISHED,Published,,2014.0,2014,,AFR,2014,2014,Africa,,NGA,Nigeria,,59976,59976.00000,,,,,
117,HIV_0000000015,Number of pregnant women living with HIV who received antiretrovirals (excluding single dose Nevirapine)  for preventing mother-to-child transmission,https://www.who.int/data/gho/indicator-metadata-registry/imr-details/2936,,,,PUBLISHED,Published,,2015.0,2015,,AFR,2015,2015,Africa,,NGA,Nigeria,,51797,51797.00000,,,,,
118,HIV_0000000015,Number of pregnant women living with HIV who received antiretrovirals (excluding single dose Nevirapine)  for preventing mother-to-child transmission,https://www.who.int/data/gho/indicator-metadata-registry/imr-details/2936,,,,PUBLISHED,Published,,2016.0,2016,,AFR,2016,2016,Africa,,NGA,Nigeria,,55192,55192.00000,,,,,
119,HIV_0000000015,Number of pregnant women living with HIV who received antiretrovirals (excluding single dose Nevirapine)  for preventing mother-to-child transmission,https://www.who.int/data/gho/indicator-metadata-registry/imr-details/2936,,,,PUBLISHED,Published,,2017.0,2017,,AFR,2017,2017,Africa,,NGA,Nigeria,,49778,49778.00000,,,,,
120,HIV_0000000015,Number of pregnant women living with HIV who received antiretrovirals (excluding single dose Nevirapine)  for preventing mother-to-child transmission,https://www.who.int/data/gho/indicator-metadata-registry/imr-details/2936,,,,PUBLISHED,Published,,2018.0,2018,,AFR,2018,2018,Africa,,NGA,Nigeria,,42653,42653.00000,,,,,
121,HIV_0000000015,Number of pregnant women living with HIV who received antiretrovirals (excluding single dose Nevirapine)  for preventing mother-to-child transmission,https://www.who.int/data/gho/indicator-metadata-registry/imr-details/2936,,,,PUBLISHED,Published,,2019.0,2019,,AFR,2019,2019,Africa,,NGA,Nigeria,,42127,42127.00000,,,,,
122,HIV_0000000020,Estimated percentage of pregnant women living with HIV who received antiretrovirals for preventing mother-to-child transmission,https://www.who.int/data/gho/indicator-metadata-registry/imr-details/4754,,,,PUBLISHED,Published,,2010.0,2010,,AFR,2010,2010,Africa,,NGA,Nigeria,,27 [17–39],27.00000,17.0,39.0,,,
123,HIV_0000000020,Estimated percentage of pregnant women living with HIV who received antiretrovirals for preventing mother-to-child transmission,https://www.who.int/data/gho/indicator-metadata-registry/imr-details/4754,,,,PUBLISHED,Published,,2011.0,2011,,AFR,2011,2011,Africa,,NGA,Nigeria,,33 [21–48],33.00000,21.0,48.0,,,
124,HIV_0000000020,Estimated percentage of pregnant women living with HIV who received antiretrovirals for preventing mother-to-child transmission,https://www.who.int/data/gho/indicator-metadata-registry/imr-details/4754,,,,PUBLISHED,Published,,2012.0,2012,,AFR,2012,2012,Africa,,NGA,Nigeria,,40 [26–59],40.00000,26.0,59.0,,,
125,HIV_0000000020,Estimated percentage of pregnant women living with HIV who received antiretrovirals for preventing mother-to-child transmission,https://www.who.int/data/gho/indicator-metadata-registry/imr-details/4754,,,,PUBLISHED,Published,,2013.0,2013,,AFR,2013,2013,Africa,,NGA,Nigeria,,53 [35–78],53.00000,35.0,78.0,,,
126,HIV_0000000020,Estimated percentage of pregnant women living with HIV who received antiretrovirals for preventing mother-to-child transmission,https://www.who.int/data/gho/indicator-metadata-registry/imr-details/4754,,,,PUBLISHED,Published,,2014.0,2014,,AFR,2014,2014,Africa,,NGA,Nigeria,,62 [41–91],62.00000,41.0,91.0,,,
127,HIV_0000000020,Estimated percentage of pregnant women living with HIV who received antiretrovirals for preventing mother-to-child transmission,https://www.who.int/data/gho/indicator-metadata-registry/imr-details/4754,,,,PUBLISHED,Published,,2015.0,2015,,AFR,2015,2015,Africa,,NGA,Nigeria,,53 [34–77],53.00000,34.0,77.0,,,
128,HIV_0000000020,Estimated percentage of pregnant women living with HIV who received antiretrovirals for preventing mother-to-child transmission,https://www.who.int/data/gho/indicator-metadata-registry/imr-details/4754,,,,PUBLISHED,Published,,2016.0,2016,,AFR,2016,2016,Africa,,NGA,Nigeria,,56 [37–82],56.00000,37.0,82.0,,,
129,HIV_0000000020,Estimated percentage of pregnant women living with HIV who received antiretrovirals for preventing mother-to-child transmission,https://www.who.int/data/gho/indicator-metadata-registry/imr-details/4754,,,,PUBLISHED,Published,,2017.0,2017,,AFR,2017,2017,Africa,,NGA,Nigeria,,51 [33–74],51.00000,33.0,74.0,,,
130,HIV_0000000020,Estimated percentage of pregnant women living with HIV who received antiretrovirals for preventing mother-to-child transmission,https://www.who.int/data/gho/indicator-metadata-registry/imr-details/4754,,,,PUBLISHED,Published,,2018.0,2018,,AFR,2018,2018,Africa,,NGA,Nigeria,,43 [28–63],43.00000,28.0,63.0,,,
131,HIV_0000000020,Estimated percentage of pregnant women living with HIV who received antiretrovirals for preventing mother-to-child transmission,https://www.who.int/data/gho/indicator-metadata-registry/imr-details/4754,,,,PUBLISHED,Published,,2019.0,2019,,AFR,2019,2019,Africa,,NGA,Nigeria,,43 [28–62],43.00000,28.0,62.0,,,
132,HIV_0000000024,Estimated antiretroviral therapy coverage among children,https://www.who.int/data/gho/indicator-metadata-registry/imr-details/2966,,,,PUBLISHED,Published,,2000.0,2000,,AFR,2000,2000,Africa,,NGA,Nigeria,,1 [1–2],1.00000,1.0,2.0,,,
133,HIV_0000000024,Estimated antiretroviral therapy coverage among children,https://www.who.int/data/gho/indicator-metadata-registry/imr-details/2966,,,,PUBLISHED,Published,,2001.0,2001,,AFR,2001,2001,Africa,,NGA,Nigeria,,2 [2–4],2.00000,2.0,4.0,,,
134,HIV_0000000024,Estimated antiretroviral therapy coverage among children,https://www.who.int/data/gho/indicator-metadata-registry/imr-details/2966,,,,PUBLISHED,Published,,2002.0,2002,,AFR,2002,2002,Africa,,NGA,Nigeria,,3 [2–5],3.00000,2.0,5.0,,,
135,HIV_0000000024,Estimated antiretroviral therapy coverage among children,https://www.who.int/data/gho/indicator-metadata-registry/imr-details/2966,,,,PUBLISHED,Published,,2003.0,2003,,AFR,2003,2003,Africa,,NGA,Nigeria,,4 [3–7],4.00000,3.0,7.0,,,
136,HIV_0000000024,Estimated antiretroviral therapy coverage among children,https://www.who.int/data/gho/indicator-metadata-registry/imr-details/2966,,,,PUBLISHED,Published,,2004.0,2004,,AFR,2004,2004,Africa,,NGA,Nigeria,,5 [3–8],5.00000,3.0,8.0,,,
137,HIV_0000000024,Estimated antiretroviral therapy coverage among children,https://www.who.int/data/gho/indicator-metadata-registry/imr-details/2966,,,,PUBLISHED,Published,,2005.0,2005,,AFR,2005,2005,Africa,,NGA,Nigeria,,6 [4–9],6.00000,4.0,9.0,,,
138,HIV_0000000024,Estimated antiretroviral therapy coverage among children,https://www.who.int/data/gho/indicator-metadata-registry/imr-details/2966,,,,PUBLISHED,Published,,2006.0,2006,,AFR,2006,2006,Africa,,NGA,Nigeria,,7 [4–10],7.00000,4.0,10.0,,,
139,HIV_0000000024,Estimated antiretroviral therapy coverage among children,https://www.who.int/data/gho/indicator-metadata-registry/imr-details/2966,,,,PUBLISHED,Published,,2007.0,2007,,AFR,2007,2007,Africa,,NGA,Nigeria,,8 [5–12],8.00000,5.0,12.0,,,
140,HIV_0000000024,Estimated antiretroviral therapy coverage among children,https://www.who.int/data/gho/indicator-metadata-registry/imr-details/2966,,,,PUBLISHED,Published,,2008.0,2008,,AFR,2008,2008,Africa,,NGA,Nigeria,,8 [5–12],8.00000,5.0,12.0,,,
141,HIV_0000000024,Estimated antiretroviral therapy coverage among children,https://www.who.int/data/gho/indicator-metadata-registry/imr-details/2966,,,,PUBLISHED,Published,,2009.0,2009,,AFR,2009,2009,Africa,,NGA,Nigeria,,10 [6–15],10.00000,6.0,15.0,,,
142,HIV_0000000024,Estimated antiretroviral therapy coverage among children,https://www.who.int/data/gho/indicator-metadata-registry/imr-details/2966,,,,PUBLISHED,Published,,2010.0,2010,,AFR,2010,2010,Africa,,NGA,Nigeria,,11 [7–17],11.00000,7.0,17.0,,,
143,HIV_0000000024,Estimated antiretroviral therapy coverage among children,https://www.who.int/data/gho/indicator-metadata-registry/imr-details/2966,,,,PUBLISHED,Published,,2011.0,2011,,AFR,2011,2011,Africa,,NGA,Nigeria,,15 [10–23],15.00000,10.0,23.0,,,
144,HIV_0000000024,Estimated antiretroviral therapy coverage among children,https://www.who.int/data/gho/indicator-metadata-registry/imr-details/2966,,,,PUBLISHED,Published,,2012.0,2012,,AFR,2012,2012,Africa,,NGA,Nigeria,,19 [12–29],19.00000,12.0,29.0,,,
145,HIV_0000000024,Estimated antiretroviral therapy coverage among children,https://www.who.int/data/gho/indicator-metadata-registry/imr-details/2966,,,,PUBLISHED,Published,,2013.0,2013,,AFR,2013,2013,Africa,,NGA,Nigeria,,21 [14–32],21.00000,14.0,32.0,,,
146,HIV_0000000024,Estimated antiretroviral therapy coverage among children,https://www.who.int/data/gho/indicator-metadata-registry/imr-details/2966,,,,PUBLISHED,Published,,2014.0,2014,,AFR,2014,2014,Africa,,NGA,Nigeria,,24 [16–37],24.00000,16.0,37.0,,,
147,HIV_0000000024,Estimated antiretroviral therapy coverage among children,https://www.who.int/data/gho/indicator-metadata-registry/imr-details/2966,,,,PUBLISHED,Published,,2015.0,2015,,AFR,2015,2015,Africa,,NGA,Nigeria,,28 [18–43],28.00000,18.0,43.0,,,
148,HIV_0000000024,Estimated antiretroviral therapy coverage among children,https://www.who.int/data/gho/indicator-metadata-registry/imr-details/2966,,,,PUBLISHED,Published,,2016.0,2016,,AFR,2016,2016,Africa,,NGA,Nigeria,,32 [21–49],32.00000,21.0,49.0,,,
149,HIV_0000000024,Estimated antiretroviral therapy coverage among children,https://www.who.int/data/gho/indicator-metadata-registry/imr-details/2966,,,,PUBLISHED,Published,,2017.0,2017,,AFR,2017,2017,Africa,,NGA,Nigeria,,33 [21–50],33.00000,21.0,50.0,,,
150,HIV_0000000024,Estimated antiretroviral therapy coverage among children,https://www.who.int/data/gho/indicator-metadata-registry/imr-details/2966,,,,PUBLISHED,Published,,2018.0,2018,,AFR,2018,2018,Africa,,NGA,Nigeria,,34 [22–51],34.00000,22.0,51.0,,,
151,HIV_0000000024,Estimated antiretroviral therapy coverage among children,https://www.who.int/data/gho/indicator-metadata-registry/imr-details/2966,,,,PUBLISHED,Published,,2019.0,2019,,AFR,2019,2019,Africa,,NGA,Nigeria,,36 [23–55],36.00000,23.0,55.0,,,
152,HIV_0000000011,Reported number of children receiving antiretroviral therapy,https://www.who.int/data/gho/indicator-metadata-registry/imr-details/2924,,,,PUBLISHED,Published,,2000.0,2000,,AFR,2000,2000,Africa,,NGA,Nigeria,,1475,1475.00000,,,,,
153,HIV_0000000011,Reported number of children receiving antiretroviral therapy,https://www.who.int/data/gho/indicator-metadata-registry/imr-details/2924,,,,PUBLISHED,Published,,2001.0,2001,,AFR,2001,2001,Africa,,NGA,Nigeria,,2965,2965.00000,,,,,
154,HIV_0000000011,Reported number of children receiving antiretroviral therapy,https://www.who.int/data/gho/indicator-metadata-registry/imr-details/2924,,,,PUBLISHED,Published,,2002.0,2002,,AFR,2002,2002,Africa,,NGA,Nigeria,,4461,4461.00000,,,,,
155,HIV_0000000011,Reported number of children receiving antiretroviral therapy,https://www.who.int/data/gho/indicator-metadata-registry/imr-details/2924,,,,PUBLISHED,Published,,2003.0,2003,,AFR,2003,2003,Africa,,NGA,Nigeria,,5957,5957.00000,,,,,
156,HIV_0000000011,Reported number of children receiving antiretroviral therapy,https://www.who.int/data/gho/indicator-metadata-registry/imr-details/2924,,,,PUBLISHED,Published,,2004.0,2004,,AFR,2004,2004,Africa,,NGA,Nigeria,,7446,7446.00000,,,,,
157,HIV_0000000011,Reported number of children receiving antiretroviral therapy,https://www.who.int/data/gho/indicator-metadata-registry/imr-details/2924,,,,PUBLISHED,Published,,2005.0,2005,,AFR,2005,2005,Africa,,NGA,Nigeria,,8942,8942.00000,,,,,
158,HIV_0000000011,Reported number of children receiving antiretroviral therapy,https://www.who.int/data/gho/indicator-metadata-registry/imr-details/2924,,,,PUBLISHED,Published,,2006.0,2006,,AFR,2006,2006,Africa,,NGA,Nigeria,,10429,10429.00000,,,,,
159,HIV_0000000011,Reported number of children receiving antiretroviral therapy,https://www.who.int/data/gho/indicator-metadata-registry/imr-details/2924,,,,PUBLISHED,Published,,2007.0,2007,,AFR,2007,2007,Africa,,NGA,Nigeria,,12313,12313.00000,,,,,
160,HIV_0000000011,Reported number of children receiving antiretroviral therapy,https://www.who.int/data/gho/indicator-metadata-registry/imr-details/2924,,,,PUBLISHED,Published,,2008.0,2008,,AFR,2008,2008,Africa,,NGA,Nigeria,,12594,12594.00000,,,,,
161,HIV_0000000011,Reported number of children receiving antiretroviral therapy,https://www.who.int/data/gho/indicator-metadata-registry/imr-details/2924,,,,PUBLISHED,Published,,2009.0,2009,,AFR,2009,2009,Africa,,NGA,Nigeria,,16191,16191.00000,,,,,
162,HIV_0000000011,Reported number of children receiving antiretroviral therapy,https://www.who.int/data/gho/indicator-metadata-registry/imr-details/2924,,,,PUBLISHED,Published,,2010.0,2010,,AFR,2010,2010,Africa,,NGA,Nigeria,,18541,18541.00000,,,,,
163,HIV_0000000011,Reported number of children receiving antiretroviral therapy,https://www.who.int/data/gho/indicator-metadata-registry/imr-details/2924,,,,PUBLISHED,Published,,2011.0,2011,,AFR,2011,2011,Africa,,NGA,Nigeria,,24867,24867.00000,,,,,
164,HIV_0000000011,Reported number of children receiving antiretroviral therapy,https://www.who.int/data/gho/indicator-metadata-registry/imr-details/2924,,,,PUBLISHED,Published,,2012.0,2012,,AFR,2012,2012,Africa,,NGA,Nigeria,,30847,30847.00000,,,,,
165,HIV_0000000011,Reported number of children receiving antiretroviral therapy,https://www.who.int/data/gho/indicator-metadata-registry/imr-details/2924,,,,PUBLISHED,Published,,2013.0,2013,,AFR,2013,2013,Africa,,NGA,Nigeria,,34120,34120.00000,,,,,
166,HIV_0000000011,Reported number of children receiving antiretroviral therapy,https://www.who.int/data/gho/indicator-metadata-registry/imr-details/2924,,,,PUBLISHED,Published,,2014.0,2014,,AFR,2014,2014,Africa,,NGA,Nigeria,,38242,38242.00000,,,,,
167,HIV_0000000011,Reported number of children receiving antiretroviral therapy,https://www.who.int/data/gho/indicator-metadata-registry/imr-details/2924,,,,PUBLISHED,Published,,2015.0,2015,,AFR,2015,2015,Africa,,NGA,Nigeria,,43867,43867.00000,,,,,
168,HIV_0000000011,Reported number of children receiving antiretroviral therapy,https://www.who.int/data/gho/indicator-metadata-registry/imr-details/2924,,,,PUBLISHED,Published,,2016.0,2016,,AFR,2016,2016,Africa,,NGA,Nigeria,,48738,48738.00000,,,,,
169,HIV_0000000011,Reported number of children receiving antiretroviral therapy,https://www.who.int/data/gho/indicator-metadata-registry/imr-details/2924,,,,PUBLISHED,Published,,2017.0,2017,,AFR,2017,2017,Africa,,NGA,Nigeria,,49721,49721.00000,,,,,
170,HIV_0000000011,Reported number of children receiving antiretroviral therapy,https://www.who.int/data/gho/indicator-metadata-registry/imr-details/2924,,,,PUBLISHED,Published,,2018.0,2018,,AFR,2018,2018,Africa,,NGA,Nigeria,,50176,50176.00000,,,,,
171,HIV_0000000011,Reported number of children receiving antiretroviral therapy,https://www.who.int/data/gho/indicator-metadata-registry/imr-details/2924,,,,PUBLISHED,Published,,2019.0,2019,,AFR,2019,2019,Africa,,NGA,Nigeria,,53527,53527.00000,,,,,
172,MDG_0000000029,Prevalence of HIV among adults aged 15 to 49 (%),https://www.who.int/data/gho/indicator-metadata-registry/imr-details/334,,,,PUBLISHED,Published,,2000.0,2000,,AFR,2000,2000,Africa,,NGA,Nigeria,,1.3 [1–1.8],1.30000,1.0,1.8,,,
173,MDG_0000000029,Prevalence of HIV among adults aged 15 to 49 (%),https://www.who.int/data/gho/indicator-metadata-registry/imr-details/334,,,,PUBLISHED,Published,,2001.0,2001,,AFR,2001,2001,Africa,,NGA,Nigeria,,1.3 [1–1.8],1.30000,1.0,1.8,,,
174,MDG_0000000029,Prevalence of HIV among adults aged 15 to 49 (%),https://www.who.int/data/gho/indicator-metadata-registry/imr-details/334,,,,PUBLISHED,Published,,2002.0,2002,,AFR,2002,2002,Africa,,NGA,Nigeria,,1.4 [1–1.8],1.40000,1.0,1.8,,,
175,MDG_0000000029,Prevalence of HIV among adults aged 15 to 49 (%),https://www.who.int/data/gho/indicator-metadata-registry/imr-details/334,,,,PUBLISHED,Published,,2003.0,2003,,AFR,2003,2003,Africa,,NGA,Nigeria,,1.4 [1–1.8],1.40000,1.0,1.8,,,
176,MDG_0000000029,Prevalence of HIV among adults aged 15 to 49 (%),https://www.who.int/data/gho/indicator-metadata-registry/imr-details/334,,,,PUBLISHED,Published,,2004.0,2004,,AFR,2004,2004,Africa,,NGA,Nigeria,,1.3 [1–1.8],1.30000,1.0,1.8,,,
177,MDG_0000000029,Prevalence of HIV among adults aged 15 to 49 (%),https://www.who.int/data/gho/indicator-metadata-registry/imr-details/334,,,,PUBLISHED,Published,,2005.0,2005,,AFR,2005,2005,Africa,,NGA,Nigeria,,1.3 [1–1.8],1.30000,1.0,1.8,,,
178,MDG_0000000029,Prevalence of HIV among adults aged 15 to 49 (%),https://www.who.int/data/gho/indicator-metadata-registry/imr-details/334,,,,PUBLISHED,Published,,2006.0,2006,,AFR,2006,2006,Africa,,NGA,Nigeria,,1.3 [1–1.8],1.30000,1.0,1.8,,,
179,MDG_0000000029,Prevalence of HIV among adults aged 15 to 49 (%),https://www.who.int/data/gho/indicator-metadata-registry/imr-details/334,,,,PUBLISHED,Published,,2007.0,2007,,AFR,2007,2007,Africa,,NGA,Nigeria,,1.3 [1–1.8],1.30000,1.0,1.8,,,
180,MDG_0000000029,Prevalence of HIV among adults aged 15 to 49 (%),https://www.who.int/data/gho/indicator-metadata-registry/imr-details/334,,,,PUBLISHED,Published,,2008.0,2008,,AFR,2008,2008,Africa,,NGA,Nigeria,,1.3 [1–1.8],1.30000,1.0,1.8,,,
181,MDG_0000000029,Prevalence of HIV among adults aged 15 to 49 (%),https://www.who.int/data/gho/indicator-metadata-registry/imr-details/334,,,,PUBLISHED,Published,,2009.0,2009,,AFR,2009,2009,Africa,,NGA,Nigeria,,1.3 [1–1.8],1.30000,1.0,1.8,,,
182,MDG_0000000029,Prevalence of HIV among adults aged 15 to 49 (%),https://www.who.int/data/gho/indicator-metadata-registry/imr-details/334,,,,PUBLISHED,Published,,2010.0,2010,,AFR,2010,2010,Africa,,NGA,Nigeria,,1.3 [1–1.8],1.30000,1.0,1.8,,,
183,MDG_0000000029,Prevalence of HIV among adults aged 15 to 49 (%),https://www.who.int/data/gho/indicator-metadata-registry/imr-details/334,,,,PUBLISHED,Published,,2011.0,2011,,AFR,2011,2011,Africa,,NGA,Nigeria,,1.3 [1–1.8],1.30000,1.0,1.8,,,
184,MDG_0000000029,Prevalence of HIV among adults aged 15 to 49 (%),https://www.who.int/data/gho/indicator-metadata-registry/imr-details/334,,,,PUBLISHED,Published,,2012.0,2012,,AFR,2012,2012,Africa,,NGA,Nigeria,,1.3 [1–1.8],1.30000,1.0,1.8,,,
185,MDG_0000000029,Prevalence of HIV among adults aged 15 to 49 (%),https://www.who.int/data/gho/indicator-metadata-registry/imr-details/334,,,,PUBLISHED,Published,,2013.0,2013,,AFR,2013,2013,Africa,,NGA,Nigeria,,1.3 [1–1.8],1.30000,1.0,1.8,,,
186,MDG_0000000029,Prevalence of HIV among adults aged 15 to 49 (%),https://www.who.int/data/gho/indicator-metadata-registry/imr-details/334,,,,PUBLISHED,Published,,2014.0,2014,,AFR,2014,2014,Africa,,NGA,Nigeria,,1.3 [1–1.8],1.30000,1.0,1.8,,,
187,MDG_0000000029,Prevalence of HIV among adults aged 15 to 49 (%),https://www.who.int/data/gho/indicator-metadata-registry/imr-details/334,,,,PUBLISHED,Published,,2015.0,2015,,AFR,2015,2015,Africa,,NGA,Nigeria,,1.3 [1–1.8],1.30000,1.0,1.8,,,
188,MDG_0000000029,Prevalence of HIV among adults aged 15 to 49 (%),https://www.who.int/data/gho/indicator-metadata-registry/imr-details/334,,,,PUBLISHED,Published,,2016.0,2016,,AFR,2016,2016,Africa,,NGA,Nigeria,,1.3 [1–1.8],1.30000,1.0,1.8,,,
189,MDG_0000000029,Prevalence of HIV among adults aged 15 to 49 (%),https://www.who.int/data/gho/indicator-metadata-registry/imr-details/334,,,,PUBLISHED,Published,,2017.0,2017,,AFR,2017,2017,Africa,,NGA,Nigeria,,1.3 [1–1.8],1.30000,1.0,1.8,,,
190,MDG_0000000029,Prevalence of HIV among adults aged 15 to 49 (%),https://www.who.int/data/gho/indicator-metadata-registry/imr-details/334,,,,PUBLISHED,Published,,2018.0,2018,,AFR,2018,2018,Africa,,NGA,Nigeria,,1.3 [1–1.8],1.30000,1.0,1.8,,,
191,MDG_0000000029,Prevalence of HIV among adults aged 15 to 49 (%),https://www.who.int/data/gho/indicator-metadata-registry/imr-details/334,,,,PUBLISHED,Published,,2019.0,2019,,AFR,2019,2019,Africa,,NGA,Nigeria,,1.3 [1–1.8],1.30000,1.0,1.8,,,
192,HIV_ARTCOVERAGE,Estimated antiretroviral therapy coverage among people living with HIV (%),https://www.who.int/data/gho/indicator-metadata-registry/imr-details/4477,,,,PUBLISHED,Published,,2000.0,2000,,AFR,2000,2000,Africa,,NGA,Nigeria,,0 [0–0],0.00000,0.0,0.0,,,
193,HIV_ARTCOVERAGE,Estimated antiretroviral therapy coverage among people living with HIV (%),https://www.who.int/data/gho/indicator-metadata-registry/imr-details/4477,,,,PUBLISHED,Published,,2001.0,2001,,AFR,2001,2001,Africa,,NGA,Nigeria,,0 [0–0],0.00000,0.0,0.0,,,
194,HIV_ARTCOVERAGE,Estimated antiretroviral therapy coverage among people living with HIV (%),https://www.who.int/data/gho/indicator-metadata-registry/imr-details/4477,,,,PUBLISHED,Published,,2002.0,2002,,AFR,2002,2002,Africa,,NGA,Nigeria,,0 [0–1],0.00000,0.0,1.0,,,
195,HIV_ARTCOVERAGE,Estimated antiretroviral therapy coverage among people living with HIV (%),https://www.who.int/data/gho/indicator-metadata-registry/imr-details/4477,,,,PUBLISHED,Published,,2003.0,2003,,AFR,2003,2003,Africa,,NGA,Nigeria,,2 [2–3],2.00000,2.0,3.0,,,
196,HIV_ARTCOVERAGE,Estimated antiretroviral therapy coverage among people living with HIV (%),https://www.who.int/data/gho/indicator-metadata-registry/imr-details/4477,,,,PUBLISHED,Published,,2004.0,2004,,AFR,2004,2004,Africa,,NGA,Nigeria,,5 [3–6],5.00000,3.0,6.0,,,
197,HIV_ARTCOVERAGE,Estimated antiretroviral therapy coverage among people living with HIV (%),https://www.who.int/data/gho/indicator-metadata-registry/imr-details/4477,,,,PUBLISHED,Published,,2005.0,2005,,AFR,2005,2005,Africa,,NGA,Nigeria,,6 [5–9],6.00000,5.0,9.0,,,
198,HIV_ARTCOVERAGE,Estimated antiretroviral therapy coverage among people living with HIV (%),https://www.who.int/data/gho/indicator-metadata-registry/imr-details/4477,,,,PUBLISHED,Published,,2006.0,2006,,AFR,2006,2006,Africa,,NGA,Nigeria,,11 [8–14],11.00000,8.0,14.0,,,
199,HIV_ARTCOVERAGE,Estimated antiretroviral therapy coverage among people living with HIV (%),https://www.who.int/data/gho/indicator-metadata-registry/imr-details/4477,,,,PUBLISHED,Published,,2007.0,2007,,AFR,2007,2007,Africa,,NGA,Nigeria,,12 [9–16],12.00000,9.0,16.0,,,
200,HIV_ARTCOVERAGE,Estimated antiretroviral therapy coverage among people living with HIV (%),https://www.who.int/data/gho/indicator-metadata-registry/imr-details/4477,,,,PUBLISHED,Published,,2008.0,2008,,AFR,2008,2008,Africa,,NGA,Nigeria,,18 [13–24],18.00000,13.0,24.0,,,
201,HIV_ARTCOVERAGE,Estimated antiretroviral therapy coverage among people living with HIV (%),https://www.who.int/data/gho/indicator-metadata-registry/imr-details/4477,,,,PUBLISHED,Published,,2009.0,2009,,AFR,2009,2009,Africa,,NGA,Nigeria,,22 [17–30],22.00000,17.0,30.0,,,
202,HIV_ARTCOVERAGE,Estimated antiretroviral therapy coverage among people living with HIV (%),https://www.who.int/data/gho/indicator-metadata-registry/imr-details/4477,,,,PUBLISHED,Published,,2010.0,2010,,AFR,2010,2010,Africa,,NGA,Nigeria,,25 [19–34],25.00000,19.0,34.0,,,
203,HIV_ARTCOVERAGE,Estimated antiretroviral therapy coverage among people living with HIV (%),https://www.who.int/data/gho/indicator-metadata-registry/imr-details/4477,,,,PUBLISHED,Published,,2011.0,2011,,AFR,2011,2011,Africa,,NGA,Nigeria,,29 [21–38],29.00000,21.0,38.0,,,
204,HIV_ARTCOVERAGE,Estimated antiretroviral therapy coverage among people living with HIV (%),https://www.who.int/data/gho/indicator-metadata-registry/imr-details/4477,,,,PUBLISHED,Published,,2012.0,2012,,AFR,2012,2012,Africa,,NGA,Nigeria,,36 [27–48],36.00000,27.0,48.0,,,
205,HIV_ARTCOVERAGE,Estimated antiretroviral therapy coverage among people living with HIV (%),https://www.who.int/data/gho/indicator-metadata-registry/imr-details/4477,,,,PUBLISHED,Published,,2013.0,2013,,AFR,2013,2013,Africa,,NGA,Nigeria,,42 [31–57],42.00000,31.0,57.0,,,
206,HIV_ARTCOVERAGE,Estimated antiretroviral therapy coverage among people living with HIV (%),https://www.who.int/data/gho/indicator-metadata-registry/imr-details/4477,,,,PUBLISHED,Published,,2014.0,2014,,AFR,2014,2014,Africa,,NGA,Nigeria,,46 [35–62],46.00000,35.0,62.0,,,
207,HIV_ARTCOVERAGE,Estimated antiretroviral therapy coverage among people living with HIV (%),https://www.who.int/data/gho/indicator-metadata-registry/imr-details/4477,,,,PUBLISHED,Published,,2015.0,2015,,AFR,2015,2015,Africa,,NGA,Nigeria,,50 [37–67],50.00000,37.0,67.0,,,
208,HIV_ARTCOVERAGE,Estimated antiretroviral therapy coverage among people living with HIV (%),https://www.who.int/data/gho/indicator-metadata-registry/imr-details/4477,,,,PUBLISHED,Published,,2016.0,2016,,AFR,2016,2016,Africa,,NGA,Nigeria,,55 [41–74],55.00000,41.0,74.0,,,
209,HIV_ARTCOVERAGE,Estimated antiretroviral therapy coverage among people living with HIV (%),https://www.who.int/data/gho/indicator-metadata-registry/imr-details/4477,,,,PUBLISHED,Published,,2017.0,2017,,AFR,2017,2017,Africa,,NGA,Nigeria,,57 [43–77],57.00000,43.0,77.0,,,
210,HIV_ARTCOVERAGE,Estimated antiretroviral therapy coverage among people living with HIV (%),https://www.who.int/data/gho/indicator-metadata-registry/imr-details/4477,,,,PUBLISHED,Published,,2018.0,2018,,AFR,2018,2018,Africa,,NGA,Nigeria,,59 [44–79],59.00000,44.0,79.0,,,
211,HIV_ARTCOVERAGE,Estimated antiretroviral therapy coverage among people living with HIV (%),https://www.who.int/data/gho/indicator-metadata-registry/imr-details/4477,,,,PUBLISHED,Published,,2019.0,2019,,AFR,2019,2019,Africa,,NGA,Nigeria,,65 [49–87],65.00000,49.0,87.0,,,
212,HIV_0000000023,Estimated number of children needing antiretroviral therapy based on WHO methods,https://www.who.int/data/gho/indicator-metadata-registry/imr-details/2935,,,,PUBLISHED,Published,,1990.0,1990,,AFR,1990,1990,Africa,,NGA,Nigeria,,20 000 [13 000–30 000],20000.00000,13000.0,30000.0,,,
213,HIV_0000000023,Estimated number of children needing antiretroviral therapy based on WHO methods,https://www.who.int/data/gho/indicator-metadata-registry/imr-details/2935,,,,PUBLISHED,Published,,1991.0,1991,,AFR,1991,1991,Africa,,NGA,Nigeria,,26 000 [17 000–39 000],26000.00000,17000.0,39000.0,,,
214,HIV_0000000023,Estimated number of children needing antiretroviral therapy based on WHO methods,https://www.who.int/data/gho/indicator-metadata-registry/imr-details/2935,,,,PUBLISHED,Published,,1992.0,1992,,AFR,1992,1992,Africa,,NGA,Nigeria,,33 000 [21 000–50 000],33000.00000,21000.0,50000.0,,,
215,HIV_0000000023,Estimated number of children needing antiretroviral therapy based on WHO methods,https://www.who.int/data/gho/indicator-metadata-registry/imr-details/2935,,,,PUBLISHED,Published,,1993.0,1993,,AFR,1993,1993,Africa,,NGA,Nigeria,,41 000 [26 000–62 000],41000.00000,26000.0,62000.0,,,
216,HIV_0000000023,Estimated number of children needing antiretroviral therapy based on WHO methods,https://www.who.int/data/gho/indicator-metadata-registry/imr-details/2935,,,,PUBLISHED,Published,,1994.0,1994,,AFR,1994,1994,Africa,,NGA,Nigeria,,50 000 [32 000–76 000],50000.00000,32000.0,76000.0,,,
217,HIV_0000000023,Estimated number of children needing antiretroviral therapy based on WHO methods,https://www.who.int/data/gho/indicator-metadata-registry/imr-details/2935,,,,PUBLISHED,Published,,1995.0,1995,,AFR,1995,1995,Africa,,NGA,Nigeria,,59 000 [38 000–90 000],59000.00000,38000.0,90000.0,,,
218,HIV_0000000023,Estimated number of children needing antiretroviral therapy based on WHO methods,https://www.who.int/data/gho/indicator-metadata-registry/imr-details/2935,,,,PUBLISHED,Published,,1996.0,1996,,AFR,1996,1996,Africa,,NGA,Nigeria,,70 000 [45 000–110 000],70000.00000,45000.0,110000.0,,,
219,HIV_0000000023,Estimated number of children needing antiretroviral therapy based on WHO methods,https://www.who.int/data/gho/indicator-metadata-registry/imr-details/2935,,,,PUBLISHED,Published,,1997.0,1997,,AFR,1997,1997,Africa,,NGA,Nigeria,,80 000 [51 000–120 000],80000.00000,51000.0,120000.0,,,
220,HIV_0000000023,Estimated number of children needing antiretroviral therapy based on WHO methods,https://www.who.int/data/gho/indicator-metadata-registry/imr-details/2935,,,,PUBLISHED,Published,,1998.0,1998,,AFR,1998,1998,Africa,,NGA,Nigeria,,90 000 [58 000–140 000],90000.00000,58000.0,140000.0,,,
221,HIV_0000000023,Estimated number of children needing antiretroviral therapy based on WHO methods,https://www.who.int/data/gho/indicator-metadata-registry/imr-details/2935,,,,PUBLISHED,Published,,1999.0,1999,,AFR,1999,1999,Africa,,NGA,Nigeria,,100 000 [65 000–150 000],100000.00000,65000.0,150000.0,,,
222,HIV_0000000023,Estimated number of children needing antiretroviral therapy based on WHO methods,https://www.who.int/data/gho/indicator-metadata-registry/imr-details/2935,,,,PUBLISHED,Published,,2000.0,2000,,AFR,2000,2000,Africa,,NGA,Nigeria,,110 000 [71 000–170 000],110000.00000,71000.0,170000.0,,,
223,HIV_0000000023,Estimated number of children needing antiretroviral therapy based on WHO methods,https://www.who.int/data/gho/indicator-metadata-registry/imr-details/2935,,,,PUBLISHED,Published,,2001.0,2001,,AFR,2001,2001,Africa,,NGA,Nigeria,,120 000 [77 000–180 000],120000.00000,77000.0,180000.0,,,
224,HIV_0000000023,Estimated number of children needing antiretroviral therapy based on WHO methods,https://www.who.int/data/gho/indicator-metadata-registry/imr-details/2935,,,,PUBLISHED,Published,,2002.0,2002,,AFR,2002,2002,Africa,,NGA,Nigeria,,130 000 [83 000–200 000],130000.00000,83000.0,200000.0,,,
225,HIV_0000000023,Estimated number of children needing antiretroviral therapy based on WHO methods,https://www.who.int/data/gho/indicator-metadata-registry/imr-details/2935,,,,PUBLISHED,Published,,2003.0,2003,,AFR,2003,2003,Africa,,NGA,Nigeria,,140 000 [88 000–210 000],140000.00000,88000.0,210000.0,,,
226,HIV_0000000023,Estimated number of children needing antiretroviral therapy based on WHO methods,https://www.who.int/data/gho/indicator-metadata-registry/imr-details/2935,,,,PUBLISHED,Published,,2004.0,2004,,AFR,2004,2004,Africa,,NGA,Nigeria,,140 000 [93 000–220 000],140000.00000,93000.0,220000.0,,,
227,HIV_0000000023,Estimated number of children needing antiretroviral therapy based on WHO methods,https://www.who.int/data/gho/indicator-metadata-registry/imr-details/2935,,,,PUBLISHED,Published,,2005.0,2005,,AFR,2005,2005,Africa,,NGA,Nigeria,,150 000 [97 000–230 000],150000.00000,97000.0,230000.0,,,
228,HIV_0000000023,Estimated number of children needing antiretroviral therapy based on WHO methods,https://www.who.int/data/gho/indicator-metadata-registry/imr-details/2935,,,,PUBLISHED,Published,,2006.0,2006,,AFR,2006,2006,Africa,,NGA,Nigeria,,160 000 [100 000–240 000],160000.00000,100000.0,240000.0,,,
229,HIV_0000000023,Estimated number of children needing antiretroviral therapy based on WHO methods,https://www.who.int/data/gho/indicator-metadata-registry/imr-details/2935,,,,PUBLISHED,Published,,2007.0,2007,,AFR,2007,2007,Africa,,NGA,Nigeria,,160 000 [100 000–240 000],160000.00000,100000.0,240000.0,,,
230,HIV_0000000023,Estimated number of children needing antiretroviral therapy based on WHO methods,https://www.who.int/data/gho/indicator-metadata-registry/imr-details/2935,,,,PUBLISHED,Published,,2008.0,2008,,AFR,2008,2008,Africa,,NGA,Nigeria,,160 000 [100 000–250 000],160000.00000,100000.0,250000.0,,,
231,HIV_0000000023,Estimated number of children needing antiretroviral therapy based on WHO methods,https://www.who.int/data/gho/indicator-metadata-registry/imr-details/2935,,,,PUBLISHED,Published,,2009.0,2009,,AFR,2009,2009,Africa,,NGA,Nigeria,,160 000 [100 000–250 000],160000.00000,100000.0,250000.0,,,
232,HIV_0000000023,Estimated number of children needing antiretroviral therapy based on WHO methods,https://www.who.int/data/gho/indicator-metadata-registry/imr-details/2935,,,,PUBLISHED,Published,,2010.0,2010,,AFR,2010,2010,Africa,,NGA,Nigeria,,170 000 [110 000–250 000],170000.00000,110000.0,250000.0,,,
233,HIV_0000000023,Estimated number of children needing antiretroviral therapy based on WHO methods,https://www.who.int/data/gho/indicator-metadata-registry/imr-details/2935,,,,PUBLISHED,Published,,2011.0,2011,,AFR,2011,2011,Africa,,NGA,Nigeria,,170 000 [110 000–250 000],170000.00000,110000.0,250000.0,,,
234,HIV_0000000023,Estimated number of children needing antiretroviral therapy based on WHO methods,https://www.who.int/data/gho/indicator-metadata-registry/imr-details/2935,,,,PUBLISHED,Published,,2012.0,2012,,AFR,2012,2012,Africa,,NGA,Nigeria,,160 000 [110 000–250 000],160000.00000,110000.0,250000.0,,,
235,HIV_0000000023,Estimated number of children needing antiretroviral therapy based on WHO methods,https://www.who.int/data/gho/indicator-metadata-registry/imr-details/2935,,,,PUBLISHED,Published,,2013.0,2013,,AFR,2013,2013,Africa,,NGA,Nigeria,,160 000 [100 000–240 000],160000.00000,100000.0,240000.0,,,
236,HIV_0000000023,Estimated number of children needing antiretroviral therapy based on WHO methods,https://www.who.int/data/gho/indicator-metadata-registry/imr-details/2935,,,,PUBLISHED,Published,,2014.0,2014,,AFR,2014,2014,Africa,,NGA,Nigeria,,160 000 [100 000–240 000],160000.00000,100000.0,240000.0,,,
237,HIV_0000000023,Estimated number of children needing antiretroviral therapy based on WHO methods,https://www.who.int/data/gho/indicator-metadata-registry/imr-details/2935,,,,PUBLISHED,Published,,2015.0,2015,,AFR,2015,2015,Africa,,NGA,Nigeria,,150 000 [99 000–230 000],150000.00000,99000.0,230000.0,,,
238,HIV_0000000023,Estimated number of children needing antiretroviral therapy based on WHO methods,https://www.who.int/data/gho/indicator-metadata-registry/imr-details/2935,,,,PUBLISHED,Published,,2016.0,2016,,AFR,2016,2016,Africa,,NGA,Nigeria,,150 000 [97 000–230 000],150000.00000,97000.0,230000.0,,,
239,HIV_0000000023,Estimated number of children needing antiretroviral therapy based on WHO methods,https://www.who.int/data/gho/indicator-metadata-registry/imr-details/2935,,,,PUBLISHED,Published,,2017.0,2017,,AFR,2017,2017,Africa,,NGA,Nigeria,,150 000 [96 000–230 000],150000.00000,96000.0,230000.0,,,
240,HIV_0000000023,Estimated number of children needing antiretroviral therapy based on WHO methods,https://www.who.int/data/gho/indicator-metadata-registry/imr-details/2935,,,,PUBLISHED,Published,,2018.0,2018,,AFR,2018,2018,Africa,,NGA,Nigeria,,150 000 [96 000–230 000],150000.00000,96000.0,230000.0,,,
241,HIV_0000000023,Estimated number of children needing antiretroviral therapy based on WHO methods,https://www.who.int/data/gho/indicator-metadata-registry/imr-details/2935,,,,PUBLISHED,Published,,2019.0,2019,,AFR,2019,2019,Africa,,NGA,Nigeria,,150 000 [95 000–220 000],150000.00000,95000.0,220000.0,,,
242,HIV_0000000021,Estimated number of pregnant women living with HIV needing antiretrovirals for preventing mother-to-child transmission based on WHO methods,https://www.who.int/data/gho/indicator-metadata-registry/imr-details/2933,,,,PUBLISHED,Published,,1990.0,1990,,AFR,1990,1990,Africa,,NGA,Nigeria,,24 000 [15 000–35 000],24000.00000,15000.0,35000.0,,,
243,HIV_0000000021,Estimated number of pregnant women living with HIV needing antiretrovirals for preventing mother-to-child transmission based on WHO methods,https://www.who.int/data/gho/indicator-metadata-registry/imr-details/2933,,,,PUBLISHED,Published,,1991.0,1991,,AFR,1991,1991,Africa,,NGA,Nigeria,,30 000 [20 000–44 000],30000.00000,20000.0,44000.0,,,
244,HIV_0000000021,Estimated number of pregnant women living with HIV needing antiretrovirals for preventing mother-to-child transmission based on WHO methods,https://www.who.int/data/gho/indicator-metadata-registry/imr-details/2933,,,,PUBLISHED,Published,,1992.0,1992,,AFR,1992,1992,Africa,,NGA,Nigeria,,37 000 [24 000–54 000],37000.00000,24000.0,54000.0,,,
245,HIV_0000000021,Estimated number of pregnant women living with HIV needing antiretrovirals for preventing mother-to-child transmission based on WHO methods,https://www.who.int/data/gho/indicator-metadata-registry/imr-details/2933,,,,PUBLISHED,Published,,1993.0,1993,,AFR,1993,1993,Africa,,NGA,Nigeria,,44 000 [29 000–64 000],44000.00000,29000.0,64000.0,,,
246,HIV_0000000021,Estimated number of pregnant women living with HIV needing antiretrovirals for preventing mother-to-child transmission based on WHO methods,https://www.who.int/data/gho/indicator-metadata-registry/imr-details/2933,,,,PUBLISHED,Published,,1994.0,1994,,AFR,1994,1994,Africa,,NGA,Nigeria,,52 000 [34 000–75 000],52000.00000,34000.0,75000.0,,,
247,HIV_0000000021,Estimated number of pregnant women living with HIV needing antiretrovirals for preventing mother-to-child transmission based on WHO methods,https://www.who.int/data/gho/indicator-metadata-registry/imr-details/2933,,,,PUBLISHED,Published,,1995.0,1995,,AFR,1995,1995,Africa,,NGA,Nigeria,,59 000 [38 000–86 000],59000.00000,38000.0,86000.0,,,
248,HIV_0000000021,Estimated number of pregnant women living with HIV needing antiretrovirals for preventing mother-to-child transmission based on WHO methods,https://www.who.int/data/gho/indicator-metadata-registry/imr-details/2933,,,,PUBLISHED,Published,,1996.0,1996,,AFR,1996,1996,Africa,,NGA,Nigeria,,66 000 [43 000–96 000],66000.00000,43000.0,96000.0,,,
249,HIV_0000000021,Estimated number of pregnant women living with HIV needing antiretrovirals for preventing mother-to-child transmission based on WHO methods,https://www.who.int/data/gho/indicator-metadata-registry/imr-details/2933,,,,PUBLISHED,Published,,1997.0,1997,,AFR,1997,1997,Africa,,NGA,Nigeria,,71 000 [47 000–100 000],71000.00000,47000.0,100000.0,,,
250,HIV_0000000021,Estimated number of pregnant women living with HIV needing antiretrovirals for preventing mother-to-child transmission based on WHO methods,https://www.who.int/data/gho/indicator-metadata-registry/imr-details/2933,,,,PUBLISHED,Published,,1998.0,1998,,AFR,1998,1998,Africa,,NGA,Nigeria,,77 000 [50 000–110 000],77000.00000,50000.0,110000.0,,,
251,HIV_0000000021,Estimated number of pregnant women living with HIV needing antiretrovirals for preventing mother-to-child transmission based on WHO methods,https://www.who.int/data/gho/indicator-metadata-registry/imr-details/2933,,,,PUBLISHED,Published,,1999.0,1999,,AFR,1999,1999,Africa,,NGA,Nigeria,,81 000 [53 000–120 000],81000.00000,53000.0,120000.0,,,
252,HIV_0000000021,Estimated number of pregnant women living with HIV needing antiretrovirals for preventing mother-to-child transmission based on WHO methods,https://www.who.int/data/gho/indicator-metadata-registry/imr-details/2933,,,,PUBLISHED,Published,,2000.0,2000,,AFR,2000,2000,Africa,,NGA,Nigeria,,84 000 [55 000–120 000],84000.00000,55000.0,120000.0,,,
253,HIV_0000000021,Estimated number of pregnant women living with HIV needing antiretrovirals for preventing mother-to-child transmission based on WHO methods,https://www.who.int/data/gho/indicator-metadata-registry/imr-details/2933,,,,PUBLISHED,Published,,2001.0,2001,,AFR,2001,2001,Africa,,NGA,Nigeria,,86 000 [56 000–130 000],86000.00000,56000.0,130000.0,,,
254,HIV_0000000021,Estimated number of pregnant women living with HIV needing antiretrovirals for preventing mother-to-child transmission based on WHO methods,https://www.who.int/data/gho/indicator-metadata-registry/imr-details/2933,,,,PUBLISHED,Published,,2002.0,2002,,AFR,2002,2002,Africa,,NGA,Nigeria,,87 000 [57 000–130 000],87000.00000,57000.0,130000.0,,,
255,HIV_0000000021,Estimated number of pregnant women living with HIV needing antiretrovirals for preventing mother-to-child transmission based on WHO methods,https://www.who.int/data/gho/indicator-metadata-registry/imr-details/2933,,,,PUBLISHED,Published,,2003.0,2003,,AFR,2003,2003,Africa,,NGA,Nigeria,,87 000 [57 000–130 000],87000.00000,57000.0,130000.0,,,
256,HIV_0000000021,Estimated number of pregnant women living with HIV needing antiretrovirals for preventing mother-to-child transmission based on WHO methods,https://www.who.int/data/gho/indicator-metadata-registry/imr-details/2933,,,,PUBLISHED,Published,,2004.0,2004,,AFR,2004,2004,Africa,,NGA,Nigeria,,87 000 [57 000–130 000],87000.00000,57000.0,130000.0,,,
257,HIV_0000000021,Estimated number of pregnant women living with HIV needing antiretrovirals for preventing mother-to-child transmission based on WHO methods,https://www.who.int/data/gho/indicator-metadata-registry/imr-details/2933,,,,PUBLISHED,Published,,2005.0,2005,,AFR,2005,2005,Africa,,NGA,Nigeria,,88 000 [57 000–130 000],88000.00000,57000.0,130000.0,,,
258,HIV_0000000021,Estimated number of pregnant women living with HIV needing antiretrovirals for preventing mother-to-child transmission based on WHO methods,https://www.who.int/data/gho/indicator-metadata-registry/imr-details/2933,,,,PUBLISHED,Published,,2006.0,2006,,AFR,2006,2006,Africa,,NGA,Nigeria,,88 000 [58 000–130 000],88000.00000,58000.0,130000.0,,,
259,HIV_0000000021,Estimated number of pregnant women living with HIV needing antiretrovirals for preventing mother-to-child transmission based on WHO methods,https://www.who.int/data/gho/indicator-metadata-registry/imr-details/2933,,,,PUBLISHED,Published,,2007.0,2007,,AFR,2007,2007,Africa,,NGA,Nigeria,,89 000 [58 000–130 000],89000.00000,58000.0,130000.0,,,
260,HIV_0000000021,Estimated number of pregnant women living with HIV needing antiretrovirals for preventing mother-to-child transmission based on WHO methods,https://www.who.int/data/gho/indicator-metadata-registry/imr-details/2933,,,,PUBLISHED,Published,,2008.0,2008,,AFR,2008,2008,Africa,,NGA,Nigeria,,90 000 [59 000–130 000],90000.00000,59000.0,130000.0,,,
261,HIV_0000000021,Estimated number of pregnant women living with HIV needing antiretrovirals for preventing mother-to-child transmission based on WHO methods,https://www.who.int/data/gho/indicator-metadata-registry/imr-details/2933,,,,PUBLISHED,Published,,2009.0,2009,,AFR,2009,2009,Africa,,NGA,Nigeria,,91 000 [59 000–130 000],91000.00000,59000.0,130000.0,,,
262,HIV_0000000021,Estimated number of pregnant women living with HIV needing antiretrovirals for preventing mother-to-child transmission based on WHO methods,https://www.who.int/data/gho/indicator-metadata-registry/imr-details/2933,,,,PUBLISHED,Published,,2010.0,2010,,AFR,2010,2010,Africa,,NGA,Nigeria,,92 000 [60 000–130 000],92000.00000,60000.0,130000.0,,,
263,HIV_0000000021,Estimated number of pregnant women living with HIV needing antiretrovirals for preventing mother-to-child transmission based on WHO methods,https://www.who.int/data/gho/indicator-metadata-registry/imr-details/2933,,,,PUBLISHED,Published,,2011.0,2011,,AFR,2011,2011,Africa,,NGA,Nigeria,,92 000 [60 000–140 000],92000.00000,60000.0,140000.0,,,
264,HIV_0000000021,Estimated number of pregnant women living with HIV needing antiretrovirals for preventing mother-to-child transmission based on WHO methods,https://www.who.int/data/gho/indicator-metadata-registry/imr-details/2933,,,,PUBLISHED,Published,,2012.0,2012,,AFR,2012,2012,Africa,,NGA,Nigeria,,93 000 [61 000–140 000],93000.00000,61000.0,140000.0,,,
265,HIV_0000000021,Estimated number of pregnant women living with HIV needing antiretrovirals for preventing mother-to-child transmission based on WHO methods,https://www.who.int/data/gho/indicator-metadata-registry/imr-details/2933,,,,PUBLISHED,Published,,2013.0,2013,,AFR,2013,2013,Africa,,NGA,Nigeria,,94 000 [61 000–140 000],94000.00000,61000.0,140000.0,,,
266,HIV_0000000021,Estimated number of pregnant women living with HIV needing antiretrovirals for preventing mother-to-child transmission based on WHO methods,https://www.who.int/data/gho/indicator-metadata-registry/imr-details/2933,,,,PUBLISHED,Published,,2014.0,2014,,AFR,2014,2014,Africa,,NGA,Nigeria,,96 000 [63 000–140 000],96000.00000,63000.0,140000.0,,,
267,HIV_0000000021,Estimated number of pregnant women living with HIV needing antiretrovirals for preventing mother-to-child transmission based on WHO methods,https://www.who.int/data/gho/indicator-metadata-registry/imr-details/2933,,,,PUBLISHED,Published,,2015.0,2015,,AFR,2015,2015,Africa,,NGA,Nigeria,,98 000 [64 000–140 000],98000.00000,64000.0,140000.0,,,
268,HIV_0000000021,Estimated number of pregnant women living with HIV needing antiretrovirals for preventing mother-to-child transmission based on WHO methods,https://www.who.int/data/gho/indicator-metadata-registry/imr-details/2933,,,,PUBLISHED,Published,,2016.0,2016,,AFR,2016,2016,Africa,,NGA,Nigeria,,98 000 [64 000–140 000],98000.00000,64000.0,140000.0,,,
269,HIV_0000000021,Estimated number of pregnant women living with HIV needing antiretrovirals for preventing mother-to-child transmission based on WHO methods,https://www.who.int/data/gho/indicator-metadata-registry/imr-details/2933,,,,PUBLISHED,Published,,2017.0,2017,,AFR,2017,2017,Africa,,NGA,Nigeria,,98 000 [64 000–140 000],98000.00000,64000.0,140000.0,,,
270,HIV_0000000021,Estimated number of pregnant women living with HIV needing antiretrovirals for preventing mother-to-child transmission based on WHO methods,https://www.who.int/data/gho/indicator-metadata-registry/imr-details/2933,,,,PUBLISHED,Published,,2018.0,2018,,AFR,2018,2018,Africa,,NGA,Nigeria,,99 000 [64 000–140 000],99000.00000,64000.0,140000.0,,,
271,HIV_0000000021,Estimated number of pregnant women living with HIV needing antiretrovirals for preventing mother-to-child transmission based on WHO methods,https://www.who.int/data/gho/indicator-metadata-registry/imr-details/2933,,,,PUBLISHED,Published,,2019.0,2019,,AFR,2019,2019,Africa,,NGA,Nigeria,,99 000 [64 000–140 000],99000.00000,64000.0,140000.0,,,
