index,GHO (CODE),GHO (DISPLAY),GHO (URL),PUBLISHSTATE (CODE),PUBLISHSTATE (DISPLAY),PUBLISHSTATE (URL),YEAR (CODE),YEAR (DISPLAY),YEAR (URL),REGION (CODE),REGION (DISPLAY),REGION (URL),COUNTRY (CODE),STARTYEAR,ENDYEAR,COUNTRY (DISPLAY),COUNTRY (URL),Display Value,Numeric,Low,High,StdErr,StdDev,Comments
0,#indicator+code,#indicator+name,#indicator+url,#status+code,#status+name,,,#date+year,,#region+code,#region+name,,#country+code,#date+year+start,#date+year+end,#country+name,,,#indicator+value+num,,,,,
1,IR_INSECTICIDERESISTANCE_PREV,Number of insecticide classes to which resistance was reported,https://www.who.int/data/gho/indicator-metadata-registry/imr-details/4557,PUBLISHED,Published,,2002.0,2002,,AFR,Africa,,NGA,2002,2002,Nigeria,,1,1.00000,,,,,
2,IR_INSECTICIDERESISTANCE_PREV,Number of insecticide classes to which resistance was reported,https://www.who.int/data/gho/indicator-metadata-registry/imr-details/4557,PUBLISHED,Published,,2003.0,2003,,AFR,Africa,,NGA,2003,2003,Nigeria,,1,1.00000,,,,,
3,IR_INSECTICIDERESISTANCE_PREV,Number of insecticide classes to which resistance was reported,https://www.who.int/data/gho/indicator-metadata-registry/imr-details/4557,PUBLISHED,Published,,2004.0,2004,,AFR,Africa,,NGA,2004,2004,Nigeria,,1,1.00000,,,,,
4,IR_INSECTICIDERESISTANCE_PREV,Number of insecticide classes to which resistance was reported,https://www.who.int/data/gho/indicator-metadata-registry/imr-details/4557,PUBLISHED,Published,,2006.0,2006,,AFR,Africa,,NGA,2006,2006,Nigeria,,1,1.00000,,,,,
5,IR_INSECTICIDERESISTANCE_PREV,Number of insecticide classes to which resistance was reported,https://www.who.int/data/gho/indicator-metadata-registry/imr-details/4557,PUBLISHED,Published,,2012.0,2012,,AFR,Africa,,NGA,2012,2012,Nigeria,,1,1.00000,,,,,
6,IR_INSECTICIDERESISTANCE_PREV,Number of insecticide classes to which resistance was reported,https://www.who.int/data/gho/indicator-metadata-registry/imr-details/4557,PUBLISHED,Published,,2001.0,2001,,AFR,Africa,,NGA,2001,2001,Nigeria,,2,2.00000,,,,,
7,IR_INSECTICIDERESISTANCE_PREV,Number of insecticide classes to which resistance was reported,https://www.who.int/data/gho/indicator-metadata-registry/imr-details/4557,PUBLISHED,Published,,2005.0,2005,,AFR,Africa,,NGA,2005,2005,Nigeria,,2,2.00000,,,,,
8,IR_INSECTICIDERESISTANCE_PREV,Number of insecticide classes to which resistance was reported,https://www.who.int/data/gho/indicator-metadata-registry/imr-details/4557,PUBLISHED,Published,,2013.0,2013,,AFR,Africa,,NGA,2013,2013,Nigeria,,2,2.00000,,,,,
9,IR_INSECTICIDERESISTANCE_PREV,Number of insecticide classes to which resistance was reported,https://www.who.int/data/gho/indicator-metadata-registry/imr-details/4557,PUBLISHED,Published,,2010.0,2010,,AFR,Africa,,NGA,2010,2010,Nigeria,,3,3.00000,,,,,
10,IR_INSECTICIDERESISTANCE_PREV,Number of insecticide classes to which resistance was reported,https://www.who.int/data/gho/indicator-metadata-registry/imr-details/4557,PUBLISHED,Published,,2000.0,2000,,AFR,Africa,,NGA,2000,2000,Nigeria,,Not tested/reported,,,,,,
11,IR_INSECTICIDERESISTANCE_PREV,Number of insecticide classes to which resistance was reported,https://www.who.int/data/gho/indicator-metadata-registry/imr-details/4557,PUBLISHED,Published,,2007.0,2007,,AFR,Africa,,NGA,2007,2007,Nigeria,,Not tested/reported,,,,,,
12,IR_INSECTICIDERESISTANCE_PREV,Number of insecticide classes to which resistance was reported,https://www.who.int/data/gho/indicator-metadata-registry/imr-details/4557,PUBLISHED,Published,,2008.0,2008,,AFR,Africa,,NGA,2008,2008,Nigeria,,Not tested/reported,,,,,,
13,IR_INSECTICIDERESISTANCE_PREV,Number of insecticide classes to which resistance was reported,https://www.who.int/data/gho/indicator-metadata-registry/imr-details/4557,PUBLISHED,Published,,2009.0,2009,,AFR,Africa,,NGA,2009,2009,Nigeria,,Not tested/reported,,,,,,
14,IR_INSECTICIDERESISTANCE_PREV,Number of insecticide classes to which resistance was reported,https://www.who.int/data/gho/indicator-metadata-registry/imr-details/4557,PUBLISHED,Published,,2011.0,2011,,AFR,Africa,,NGA,2011,2011,Nigeria,,Not tested/reported,,,,,,
15,IR_ORGANOCHLORINE_PRESENCE,Organochlorine resistance reported for at least one site,https://www.who.int/data/gho/indicator-metadata-registry/imr-details/4559,PUBLISHED,Published,,2003.0,2003,,AFR,Africa,,NGA,2003,2003,Nigeria,,Yes,,,,,,
16,IR_ORGANOCHLORINE_PRESENCE,Organochlorine resistance reported for at least one site,https://www.who.int/data/gho/indicator-metadata-registry/imr-details/4559,PUBLISHED,Published,,2005.0,2005,,AFR,Africa,,NGA,2005,2005,Nigeria,,Yes,,,,,,
17,IR_PYRETHROID_PRESENCE,Pyrethroid resistance reported for at least one site,https://www.who.int/data/gho/indicator-metadata-registry/imr-details/4558,PUBLISHED,Published,,2002.0,2002,,AFR,Africa,,NGA,2002,2002,Nigeria,,Not tested/reported,,,,,,
18,IR_ORGANOCHLORINE_PRESENCE,Organochlorine resistance reported for at least one site,https://www.who.int/data/gho/indicator-metadata-registry/imr-details/4559,PUBLISHED,Published,,2008.0,2008,,AFR,Africa,,NGA,2008,2008,Nigeria,,Not tested/reported,,,,,,
19,IR_PYRETHROID_PRESENCE,Pyrethroid resistance reported for at least one site,https://www.who.int/data/gho/indicator-metadata-registry/imr-details/4558,PUBLISHED,Published,,2001.0,2001,,AFR,Africa,,NGA,2001,2001,Nigeria,,Yes,,,,,,
20,IR_ORGANOCHLORINE_PRESENCE,Organochlorine resistance reported for at least one site,https://www.who.int/data/gho/indicator-metadata-registry/imr-details/4559,PUBLISHED,Published,,2010.0,2010,,AFR,Africa,,NGA,2010,2010,Nigeria,,Yes,,,,,,
21,IR_ORGANOCHLORINE_PRESENCE,Organochlorine resistance reported for at least one site,https://www.who.int/data/gho/indicator-metadata-registry/imr-details/4559,PUBLISHED,Published,,2013.0,2013,,AFR,Africa,,NGA,2013,2013,Nigeria,,Yes,,,,,,
22,IR_PYRETHROID_PRESENCE,Pyrethroid resistance reported for at least one site,https://www.who.int/data/gho/indicator-metadata-registry/imr-details/4558,PUBLISHED,Published,,2003.0,2003,,AFR,Africa,,NGA,2003,2003,Nigeria,,Not tested/reported,,,,,,
23,IR_PYRETHROID_PRESENCE,Pyrethroid resistance reported for at least one site,https://www.who.int/data/gho/indicator-metadata-registry/imr-details/4558,PUBLISHED,Published,,2004.0,2004,,AFR,Africa,,NGA,2004,2004,Nigeria,,Not tested/reported,,,,,,
24,IR_PYRETHROID_PRESENCE,Pyrethroid resistance reported for at least one site,https://www.who.int/data/gho/indicator-metadata-registry/imr-details/4558,PUBLISHED,Published,,2007.0,2007,,AFR,Africa,,NGA,2007,2007,Nigeria,,Not tested/reported,,,,,,
25,IR_PYRETHROID_PRESENCE,Pyrethroid resistance reported for at least one site,https://www.who.int/data/gho/indicator-metadata-registry/imr-details/4558,PUBLISHED,Published,,2009.0,2009,,AFR,Africa,,NGA,2009,2009,Nigeria,,Not tested/reported,,,,,,
26,IR_PYRETHROID_PRESENCE,Pyrethroid resistance reported for at least one site,https://www.who.int/data/gho/indicator-metadata-registry/imr-details/4558,PUBLISHED,Published,,2010.0,2010,,AFR,Africa,,NGA,2010,2010,Nigeria,,Yes,,,,,,
27,IR_ORGANOCHLORINE_PRESENCE,Organochlorine resistance reported for at least one site,https://www.who.int/data/gho/indicator-metadata-registry/imr-details/4559,PUBLISHED,Published,,2002.0,2002,,AFR,Africa,,NGA,2002,2002,Nigeria,,Yes,,,,,,
28,IR_ORGANOCHLORINE_PRESENCE,Organochlorine resistance reported for at least one site,https://www.who.int/data/gho/indicator-metadata-registry/imr-details/4559,PUBLISHED,Published,,2004.0,2004,,AFR,Africa,,NGA,2004,2004,Nigeria,,Yes,,,,,,
29,IR_PYRETHROID_PRESENCE,Pyrethroid resistance reported for at least one site,https://www.who.int/data/gho/indicator-metadata-registry/imr-details/4558,PUBLISHED,Published,,2000.0,2000,,AFR,Africa,,NGA,2000,2000,Nigeria,,Not tested/reported,,,,,,
30,IR_PYRETHROID_PRESENCE,Pyrethroid resistance reported for at least one site,https://www.who.int/data/gho/indicator-metadata-registry/imr-details/4558,PUBLISHED,Published,,2011.0,2011,,AFR,Africa,,NGA,2011,2011,Nigeria,,Not tested/reported,,,,,,
31,IR_ORGANOCHLORINE_PRESENCE,Organochlorine resistance reported for at least one site,https://www.who.int/data/gho/indicator-metadata-registry/imr-details/4559,PUBLISHED,Published,,2007.0,2007,,AFR,Africa,,NGA,2007,2007,Nigeria,,Not tested/reported,,,,,,
32,IR_PYRETHROID_PRESENCE,Pyrethroid resistance reported for at least one site,https://www.who.int/data/gho/indicator-metadata-registry/imr-details/4558,PUBLISHED,Published,,2008.0,2008,,AFR,Africa,,NGA,2008,2008,Nigeria,,Not tested/reported,,,,,,
33,IR_ORGANOCHLORINE_PRESENCE,Organochlorine resistance reported for at least one site,https://www.who.int/data/gho/indicator-metadata-registry/imr-details/4559,PUBLISHED,Published,,2011.0,2011,,AFR,Africa,,NGA,2011,2011,Nigeria,,Not tested/reported,,,,,,
34,IR_PYRETHROID_PRESENCE,Pyrethroid resistance reported for at least one site,https://www.who.int/data/gho/indicator-metadata-registry/imr-details/4558,PUBLISHED,Published,,2005.0,2005,,AFR,Africa,,NGA,2005,2005,Nigeria,,Yes,,,,,,
35,IR_PYRETHROID_PRESENCE,Pyrethroid resistance reported for at least one site,https://www.who.int/data/gho/indicator-metadata-registry/imr-details/4558,PUBLISHED,Published,,2006.0,2006,,AFR,Africa,,NGA,2006,2006,Nigeria,,Yes,,,,,,
36,IR_ORGANOCHLORINE_PRESENCE,Organochlorine resistance reported for at least one site,https://www.who.int/data/gho/indicator-metadata-registry/imr-details/4559,PUBLISHED,Published,,2001.0,2001,,AFR,Africa,,NGA,2001,2001,Nigeria,,Yes,,,,,,
37,IR_CARBAMATE_PRESENCE,Carbamate resistance reported for at least one site,https://www.who.int/data/gho/indicator-metadata-registry/imr-details/4560,PUBLISHED,Published,,2010.0,2010,,AFR,Africa,,NGA,2010,2010,Nigeria,,Yes,,,,,,
38,IR_ORGANOCHLORINE_PRESENCE,Organochlorine resistance reported for at least one site,https://www.who.int/data/gho/indicator-metadata-registry/imr-details/4559,PUBLISHED,Published,,2009.0,2009,,AFR,Africa,,NGA,2009,2009,Nigeria,,Not tested/reported,,,,,,
39,IR_ORGANOCHLORINE_PRESENCE,Organochlorine resistance reported for at least one site,https://www.who.int/data/gho/indicator-metadata-registry/imr-details/4559,PUBLISHED,Published,,2012.0,2012,,AFR,Africa,,NGA,2012,2012,Nigeria,,Not tested/reported,,,,,,
40,IR_PYRETHROID_PRESENCE,Pyrethroid resistance reported for at least one site,https://www.who.int/data/gho/indicator-metadata-registry/imr-details/4558,PUBLISHED,Published,,2012.0,2012,,AFR,Africa,,NGA,2012,2012,Nigeria,,Yes,,,,,,
41,IR_PYRETHROID_PRESENCE,Pyrethroid resistance reported for at least one site,https://www.who.int/data/gho/indicator-metadata-registry/imr-details/4558,PUBLISHED,Published,,2013.0,2013,,AFR,Africa,,NGA,2013,2013,Nigeria,,Yes,,,,,,
42,IR_ORGANOCHLORINE_PRESENCE,Organochlorine resistance reported for at least one site,https://www.who.int/data/gho/indicator-metadata-registry/imr-details/4559,PUBLISHED,Published,,2000.0,2000,,AFR,Africa,,NGA,2000,2000,Nigeria,,Not tested/reported,,,,,,
43,IR_ORGANOCHLORINE_PRESENCE,Organochlorine resistance reported for at least one site,https://www.who.int/data/gho/indicator-metadata-registry/imr-details/4559,PUBLISHED,Published,,2006.0,2006,,AFR,Africa,,NGA,2006,2006,Nigeria,,Not tested/reported,,,,,,
44,IR_CARBAMATE_PRESENCE,Carbamate resistance reported for at least one site,https://www.who.int/data/gho/indicator-metadata-registry/imr-details/4560,PUBLISHED,Published,,2004.0,2004,,AFR,Africa,,NGA,2004,2004,Nigeria,,Not tested/reported,,,,,,
45,IR_ORGANOPHOSPHATE_PRESENCE,Organophosphate resistance reported for at least one site,https://www.who.int/data/gho/indicator-metadata-registry/imr-details/4561,PUBLISHED,Published,,2000.0,2000,,AFR,Africa,,NGA,2000,2000,Nigeria,,Not tested/reported,,,,,,
46,IR_ORGANOPHOSPHATE_PRESENCE,Organophosphate resistance reported for at least one site,https://www.who.int/data/gho/indicator-metadata-registry/imr-details/4561,PUBLISHED,Published,,2006.0,2006,,AFR,Africa,,NGA,2006,2006,Nigeria,,Not tested/reported,,,,,,
47,IR_ORGANOPHOSPHATE_PRESENCE,Organophosphate resistance reported for at least one site,https://www.who.int/data/gho/indicator-metadata-registry/imr-details/4561,PUBLISHED,Published,,2007.0,2007,,AFR,Africa,,NGA,2007,2007,Nigeria,,Not tested/reported,,,,,,
48,IR_CARBAMATE_PRESENCE,Carbamate resistance reported for at least one site,https://www.who.int/data/gho/indicator-metadata-registry/imr-details/4560,PUBLISHED,Published,,2005.0,2005,,AFR,Africa,,NGA,2005,2005,Nigeria,,Not tested/reported,,,,,,
49,IR_CARBAMATE_PRESENCE,Carbamate resistance reported for at least one site,https://www.who.int/data/gho/indicator-metadata-registry/imr-details/4560,PUBLISHED,Published,,2006.0,2006,,AFR,Africa,,NGA,2006,2006,Nigeria,,Not tested/reported,,,,,,
50,IR_ORGANOPHOSPHATE_PRESENCE,Organophosphate resistance reported for at least one site,https://www.who.int/data/gho/indicator-metadata-registry/imr-details/4561,PUBLISHED,Published,,2004.0,2004,,AFR,Africa,,NGA,2004,2004,Nigeria,,Not tested/reported,,,,,,
51,IR_ORGANOPHOSPHATE_PRESENCE,Organophosphate resistance reported for at least one site,https://www.who.int/data/gho/indicator-metadata-registry/imr-details/4561,PUBLISHED,Published,,2009.0,2009,,AFR,Africa,,NGA,2009,2009,Nigeria,,Not tested/reported,,,,,,
52,IR_ORGANOPHOSPHATE_PRESENCE,Organophosphate resistance reported for at least one site,https://www.who.int/data/gho/indicator-metadata-registry/imr-details/4561,PUBLISHED,Published,,2010.0,2010,,AFR,Africa,,NGA,2010,2010,Nigeria,,Not tested/reported,,,,,,
53,IR_CARBAMATE_PRESENCE,Carbamate resistance reported for at least one site,https://www.who.int/data/gho/indicator-metadata-registry/imr-details/4560,PUBLISHED,Published,,2007.0,2007,,AFR,Africa,,NGA,2007,2007,Nigeria,,Not tested/reported,,,,,,
54,IR_CARBAMATE_PRESENCE,Carbamate resistance reported for at least one site,https://www.who.int/data/gho/indicator-metadata-registry/imr-details/4560,PUBLISHED,Published,,2009.0,2009,,AFR,Africa,,NGA,2009,2009,Nigeria,,Not tested/reported,,,,,,
55,IR_ORGANOPHOSPHATE_PRESENCE,Organophosphate resistance reported for at least one site,https://www.who.int/data/gho/indicator-metadata-registry/imr-details/4561,PUBLISHED,Published,,2002.0,2002,,AFR,Africa,,NGA,2002,2002,Nigeria,,Not tested/reported,,,,,,
56,IR_ORGANOPHOSPHATE_PRESENCE,Organophosphate resistance reported for at least one site,https://www.who.int/data/gho/indicator-metadata-registry/imr-details/4561,PUBLISHED,Published,,2003.0,2003,,AFR,Africa,,NGA,2003,2003,Nigeria,,Not tested/reported,,,,,,
57,IR_ORGANOPHOSPHATE_PRESENCE,Organophosphate resistance reported for at least one site,https://www.who.int/data/gho/indicator-metadata-registry/imr-details/4561,PUBLISHED,Published,,2011.0,2011,,AFR,Africa,,NGA,2011,2011,Nigeria,,Not tested/reported,,,,,,
58,IR_CARBAMATE_PRESENCE,Carbamate resistance reported for at least one site,https://www.who.int/data/gho/indicator-metadata-registry/imr-details/4560,PUBLISHED,Published,,2002.0,2002,,AFR,Africa,,NGA,2002,2002,Nigeria,,Not tested/reported,,,,,,
59,IR_CARBAMATE_PRESENCE,Carbamate resistance reported for at least one site,https://www.who.int/data/gho/indicator-metadata-registry/imr-details/4560,PUBLISHED,Published,,2003.0,2003,,AFR,Africa,,NGA,2003,2003,Nigeria,,Not tested/reported,,,,,,
60,IR_CARBAMATE_PRESENCE,Carbamate resistance reported for at least one site,https://www.who.int/data/gho/indicator-metadata-registry/imr-details/4560,PUBLISHED,Published,,2011.0,2011,,AFR,Africa,,NGA,2011,2011,Nigeria,,Not tested/reported,,,,,,
61,IR_ORGANOPHOSPHATE_PRESENCE,Organophosphate resistance reported for at least one site,https://www.who.int/data/gho/indicator-metadata-registry/imr-details/4561,PUBLISHED,Published,,2005.0,2005,,AFR,Africa,,NGA,2005,2005,Nigeria,,Not tested/reported,,,,,,
62,IR_CARBAMATE_PRESENCE,Carbamate resistance reported for at least one site,https://www.who.int/data/gho/indicator-metadata-registry/imr-details/4560,PUBLISHED,Published,,2000.0,2000,,AFR,Africa,,NGA,2000,2000,Nigeria,,Not tested/reported,,,,,,
63,IR_CARBAMATE_PRESENCE,Carbamate resistance reported for at least one site,https://www.who.int/data/gho/indicator-metadata-registry/imr-details/4560,PUBLISHED,Published,,2008.0,2008,,AFR,Africa,,NGA,2008,2008,Nigeria,,Not tested/reported,,,,,,
64,IR_ORGANOPHOSPHATE_PRESENCE,Organophosphate resistance reported for at least one site,https://www.who.int/data/gho/indicator-metadata-registry/imr-details/4561,PUBLISHED,Published,,2001.0,2001,,AFR,Africa,,NGA,2001,2001,Nigeria,,Not tested/reported,,,,,,
65,IR_CARBAMATE_PRESENCE,Carbamate resistance reported for at least one site,https://www.who.int/data/gho/indicator-metadata-registry/imr-details/4560,PUBLISHED,Published,,2001.0,2001,,AFR,Africa,,NGA,2001,2001,Nigeria,,Not tested/reported,,,,,,
66,IR_ORGANOPHOSPHATE_PRESENCE,Organophosphate resistance reported for at least one site,https://www.who.int/data/gho/indicator-metadata-registry/imr-details/4561,PUBLISHED,Published,,2008.0,2008,,AFR,Africa,,NGA,2008,2008,Nigeria,,Not tested/reported,,,,,,
67,IR_CARBAMATE_PRESENCE,Carbamate resistance reported for at least one site,https://www.who.int/data/gho/indicator-metadata-registry/imr-details/4560,PUBLISHED,Published,,2012.0,2012,,AFR,Africa,,NGA,2012,2012,Nigeria,,No,,,,,,
68,IR_ORGANOPHOSPHATE_PRESENCE,Organophosphate resistance reported for at least one site,https://www.who.int/data/gho/indicator-metadata-registry/imr-details/4561,PUBLISHED,Published,,2013.0,2013,,AFR,Africa,,NGA,2013,2013,Nigeria,,No,,,,,,
69,IR_CARBAMATE_PRESENCE,Carbamate resistance reported for at least one site,https://www.who.int/data/gho/indicator-metadata-registry/imr-details/4560,PUBLISHED,Published,,2013.0,2013,,AFR,Africa,,NGA,2013,2013,Nigeria,,No,,,,,,
70,IR_ORGANOPHOSPHATE_PRESENCE,Organophosphate resistance reported for at least one site,https://www.who.int/data/gho/indicator-metadata-registry/imr-details/4561,PUBLISHED,Published,,2012.0,2012,,AFR,Africa,,NGA,2012,2012,Nigeria,,No,,,,,,
71,IR_ORGANOPHOSPHATE_EXTENT,Percentage of sites for which organophosphate resistance was reported,https://www.who.int/data/gho/indicator-metadata-registry/imr-details/4565,PUBLISHED,Published,,2013.0,2013,,AFR,Africa,,NGA,2013,2013,Nigeria,,0,0.00000,,,,,
72,IR_PYRETHROID_EXTENT,Percentage of sites for which pyrethroid resistance was reported,https://www.who.int/data/gho/indicator-metadata-registry/imr-details/4562,PUBLISHED,Published,,2005.0,2005,,AFR,Africa,,NGA,2005,2005,Nigeria,,50,50.00000,,,,,
73,IR_PYRETHROID_EXTENT,Percentage of sites for which pyrethroid resistance was reported,https://www.who.int/data/gho/indicator-metadata-registry/imr-details/4562,PUBLISHED,Published,,2010.0,2010,,AFR,Africa,,NGA,2010,2010,Nigeria,,60,60.00000,,,,,
74,IR_PYRETHROID_EXTENT,Percentage of sites for which pyrethroid resistance was reported,https://www.who.int/data/gho/indicator-metadata-registry/imr-details/4562,PUBLISHED,Published,,2008.0,2008,,AFR,Africa,,NGA,2008,2008,Nigeria,,Not tested/reported,,,,,,
75,IR_PYRETHROID_EXTENT,Percentage of sites for which pyrethroid resistance was reported,https://www.who.int/data/gho/indicator-metadata-registry/imr-details/4562,PUBLISHED,Published,,2009.0,2009,,AFR,Africa,,NGA,2009,2009,Nigeria,,Not tested/reported,,,,,,
76,IR_PYRETHROID_EXTENT,Percentage of sites for which pyrethroid resistance was reported,https://www.who.int/data/gho/indicator-metadata-registry/imr-details/4562,PUBLISHED,Published,,2011.0,2011,,AFR,Africa,,NGA,2011,2011,Nigeria,,Not tested/reported,,,,,,
77,IR_CARBAMATE_EXTENT,Percentage of sites for which carbamate resistance was reported,https://www.who.int/data/gho/indicator-metadata-registry/imr-details/4564,PUBLISHED,Published,,2012.0,2012,,AFR,Africa,,NGA,2012,2012,Nigeria,,0,0.00000,,,,,
78,IR_ORGANOCHLORINE_EXTENT,Percentage of sites for which organochlorine resistance was reported,https://www.who.int/data/gho/indicator-metadata-registry/imr-details/4563,PUBLISHED,Published,,2013.0,2013,,AFR,Africa,,NGA,2013,2013,Nigeria,,100,100.00000,,,,,
79,IR_PYRETHROID_EXTENT,Percentage of sites for which pyrethroid resistance was reported,https://www.who.int/data/gho/indicator-metadata-registry/imr-details/4562,PUBLISHED,Published,,2002.0,2002,,AFR,Africa,,NGA,2002,2002,Nigeria,,Not tested/reported,,,,,,
80,IR_PYRETHROID_EXTENT,Percentage of sites for which pyrethroid resistance was reported,https://www.who.int/data/gho/indicator-metadata-registry/imr-details/4562,PUBLISHED,Published,,2006.0,2006,,AFR,Africa,,NGA,2006,2006,Nigeria,,50,50.00000,,,,,
81,IR_PYRETHROID_EXTENT,Percentage of sites for which pyrethroid resistance was reported,https://www.who.int/data/gho/indicator-metadata-registry/imr-details/4562,PUBLISHED,Published,,2013.0,2013,,AFR,Africa,,NGA,2013,2013,Nigeria,,75,75.00000,,,,,
82,IR_ORGANOCHLORINE_EXTENT,Percentage of sites for which organochlorine resistance was reported,https://www.who.int/data/gho/indicator-metadata-registry/imr-details/4563,PUBLISHED,Published,,2001.0,2001,,AFR,Africa,,NGA,2001,2001,Nigeria,,80,80.00000,,,,,
83,IR_ORGANOCHLORINE_EXTENT,Percentage of sites for which organochlorine resistance was reported,https://www.who.int/data/gho/indicator-metadata-registry/imr-details/4563,PUBLISHED,Published,,2004.0,2004,,AFR,Africa,,NGA,2004,2004,Nigeria,,100,100.00000,,,,,
84,IR_ORGANOCHLORINE_EXTENT,Percentage of sites for which organochlorine resistance was reported,https://www.who.int/data/gho/indicator-metadata-registry/imr-details/4563,PUBLISHED,Published,,2005.0,2005,,AFR,Africa,,NGA,2005,2005,Nigeria,,100,100.00000,,,,,
85,IR_ORGANOPHOSPHATE_EXTENT,Percentage of sites for which organophosphate resistance was reported,https://www.who.int/data/gho/indicator-metadata-registry/imr-details/4565,PUBLISHED,Published,,2012.0,2012,,AFR,Africa,,NGA,2012,2012,Nigeria,,0,0.00000,,,,,
86,IR_ORGANOCHLORINE_EXTENT,Percentage of sites for which organochlorine resistance was reported,https://www.who.int/data/gho/indicator-metadata-registry/imr-details/4563,PUBLISHED,Published,,2002.0,2002,,AFR,Africa,,NGA,2002,2002,Nigeria,,75,75.00000,,,,,
87,IR_CARBAMATE_EXTENT,Percentage of sites for which carbamate resistance was reported,https://www.who.int/data/gho/indicator-metadata-registry/imr-details/4564,PUBLISHED,Published,,2010.0,2010,,AFR,Africa,,NGA,2010,2010,Nigeria,,90,90.00000,,,,,
88,IR_ORGANOCHLORINE_EXTENT,Percentage of sites for which organochlorine resistance was reported,https://www.who.int/data/gho/indicator-metadata-registry/imr-details/4563,PUBLISHED,Published,,2010.0,2010,,AFR,Africa,,NGA,2010,2010,Nigeria,,100,100.00000,,,,,
89,IR_PYRETHROID_EXTENT,Percentage of sites for which pyrethroid resistance was reported,https://www.who.int/data/gho/indicator-metadata-registry/imr-details/4562,PUBLISHED,Published,,2000.0,2000,,AFR,Africa,,NGA,2000,2000,Nigeria,,Not tested/reported,,,,,,
90,IR_PYRETHROID_EXTENT,Percentage of sites for which pyrethroid resistance was reported,https://www.who.int/data/gho/indicator-metadata-registry/imr-details/4562,PUBLISHED,Published,,2003.0,2003,,AFR,Africa,,NGA,2003,2003,Nigeria,,Not tested/reported,,,,,,
91,IR_PYRETHROID_EXTENT,Percentage of sites for which pyrethroid resistance was reported,https://www.who.int/data/gho/indicator-metadata-registry/imr-details/4562,PUBLISHED,Published,,2004.0,2004,,AFR,Africa,,NGA,2004,2004,Nigeria,,Not tested/reported,,,,,,
92,IR_CARBAMATE_EXTENT,Percentage of sites for which carbamate resistance was reported,https://www.who.int/data/gho/indicator-metadata-registry/imr-details/4564,PUBLISHED,Published,,2013.0,2013,,AFR,Africa,,NGA,2013,2013,Nigeria,,0,0.00000,,,,,
93,IR_PYRETHROID_EXTENT,Percentage of sites for which pyrethroid resistance was reported,https://www.who.int/data/gho/indicator-metadata-registry/imr-details/4562,PUBLISHED,Published,,2012.0,2012,,AFR,Africa,,NGA,2012,2012,Nigeria,,50,50.00000,,,,,
94,IR_PYRETHROID_EXTENT,Percentage of sites for which pyrethroid resistance was reported,https://www.who.int/data/gho/indicator-metadata-registry/imr-details/4562,PUBLISHED,Published,,2001.0,2001,,AFR,Africa,,NGA,2001,2001,Nigeria,,44,44.00000,,,,,
95,IR_ORGANOCHLORINE_EXTENT,Percentage of sites for which organochlorine resistance was reported,https://www.who.int/data/gho/indicator-metadata-registry/imr-details/4563,PUBLISHED,Published,,2003.0,2003,,AFR,Africa,,NGA,2003,2003,Nigeria,,100,100.00000,,,,,
96,IR_PYRETHROID_EXTENT,Percentage of sites for which pyrethroid resistance was reported,https://www.who.int/data/gho/indicator-metadata-registry/imr-details/4562,PUBLISHED,Published,,2007.0,2007,,AFR,Africa,,NGA,2007,2007,Nigeria,,Not tested/reported,,,,,,
97,IR_ORGANOCHLORINE_EXTENT,Percentage of sites for which organochlorine resistance was reported,https://www.who.int/data/gho/indicator-metadata-registry/imr-details/4563,PUBLISHED,Published,,2009.0,2009,,AFR,Africa,,NGA,2009,2009,Nigeria,,Not tested/reported,,,,,,
98,IR_CARBAMATE_EXTENT,Percentage of sites for which carbamate resistance was reported,https://www.who.int/data/gho/indicator-metadata-registry/imr-details/4564,PUBLISHED,Published,,2001.0,2001,,AFR,Africa,,NGA,2001,2001,Nigeria,,Not tested/reported,,,,,,
99,IR_CARBAMATE_EXTENT,Percentage of sites for which carbamate resistance was reported,https://www.who.int/data/gho/indicator-metadata-registry/imr-details/4564,PUBLISHED,Published,,2006.0,2006,,AFR,Africa,,NGA,2006,2006,Nigeria,,Not tested/reported,,,,,,
100,IR_CARBAMATE_EXTENT,Percentage of sites for which carbamate resistance was reported,https://www.who.int/data/gho/indicator-metadata-registry/imr-details/4564,PUBLISHED,Published,,2007.0,2007,,AFR,Africa,,NGA,2007,2007,Nigeria,,Not tested/reported,,,,,,
101,IR_ORGANOCHLORINE_EXTENT,Percentage of sites for which organochlorine resistance was reported,https://www.who.int/data/gho/indicator-metadata-registry/imr-details/4563,PUBLISHED,Published,,2008.0,2008,,AFR,Africa,,NGA,2008,2008,Nigeria,,Not tested/reported,,,,,,
102,IR_CARBAMATE_EXTENT,Percentage of sites for which carbamate resistance was reported,https://www.who.int/data/gho/indicator-metadata-registry/imr-details/4564,PUBLISHED,Published,,2005.0,2005,,AFR,Africa,,NGA,2005,2005,Nigeria,,Not tested/reported,,,,,,
103,IR_CARBAMATE_EXTENT,Percentage of sites for which carbamate resistance was reported,https://www.who.int/data/gho/indicator-metadata-registry/imr-details/4564,PUBLISHED,Published,,2003.0,2003,,AFR,Africa,,NGA,2003,2003,Nigeria,,Not tested/reported,,,,,,
104,IR_CARBAMATE_EXTENT,Percentage of sites for which carbamate resistance was reported,https://www.who.int/data/gho/indicator-metadata-registry/imr-details/4564,PUBLISHED,Published,,2011.0,2011,,AFR,Africa,,NGA,2011,2011,Nigeria,,Not tested/reported,,,,,,
105,IR_ORGANOCHLORINE_EXTENT,Percentage of sites for which organochlorine resistance was reported,https://www.who.int/data/gho/indicator-metadata-registry/imr-details/4563,PUBLISHED,Published,,2011.0,2011,,AFR,Africa,,NGA,2011,2011,Nigeria,,Not tested/reported,,,,,,
106,IR_ORGANOCHLORINE_EXTENT,Percentage of sites for which organochlorine resistance was reported,https://www.who.int/data/gho/indicator-metadata-registry/imr-details/4563,PUBLISHED,Published,,2012.0,2012,,AFR,Africa,,NGA,2012,2012,Nigeria,,Not tested/reported,,,,,,
107,IR_CARBAMATE_EXTENT,Percentage of sites for which carbamate resistance was reported,https://www.who.int/data/gho/indicator-metadata-registry/imr-details/4564,PUBLISHED,Published,,2008.0,2008,,AFR,Africa,,NGA,2008,2008,Nigeria,,Not tested/reported,,,,,,
108,IR_CARBAMATE_EXTENT,Percentage of sites for which carbamate resistance was reported,https://www.who.int/data/gho/indicator-metadata-registry/imr-details/4564,PUBLISHED,Published,,2000.0,2000,,AFR,Africa,,NGA,2000,2000,Nigeria,,Not tested/reported,,,,,,
109,IR_CARBAMATE_EXTENT,Percentage of sites for which carbamate resistance was reported,https://www.who.int/data/gho/indicator-metadata-registry/imr-details/4564,PUBLISHED,Published,,2009.0,2009,,AFR,Africa,,NGA,2009,2009,Nigeria,,Not tested/reported,,,,,,
110,IR_ORGANOPHOSPHATE_EXTENT,Percentage of sites for which organophosphate resistance was reported,https://www.who.int/data/gho/indicator-metadata-registry/imr-details/4565,PUBLISHED,Published,,2001.0,2001,,AFR,Africa,,NGA,2001,2001,Nigeria,,Not tested/reported,,,,,,
111,IR_ORGANOPHOSPHATE_EXTENT,Percentage of sites for which organophosphate resistance was reported,https://www.who.int/data/gho/indicator-metadata-registry/imr-details/4565,PUBLISHED,Published,,2009.0,2009,,AFR,Africa,,NGA,2009,2009,Nigeria,,Not tested/reported,,,,,,
112,IR_ORGANOPHOSPHATE_EXTENT,Percentage of sites for which organophosphate resistance was reported,https://www.who.int/data/gho/indicator-metadata-registry/imr-details/4565,PUBLISHED,Published,,2011.0,2011,,AFR,Africa,,NGA,2011,2011,Nigeria,,Not tested/reported,,,,,,
113,IR_ORGANOCHLORINE_EXTENT,Percentage of sites for which organochlorine resistance was reported,https://www.who.int/data/gho/indicator-metadata-registry/imr-details/4563,PUBLISHED,Published,,2000.0,2000,,AFR,Africa,,NGA,2000,2000,Nigeria,,Not tested/reported,,,,,,
114,IR_ORGANOCHLORINE_EXTENT,Percentage of sites for which organochlorine resistance was reported,https://www.who.int/data/gho/indicator-metadata-registry/imr-details/4563,PUBLISHED,Published,,2006.0,2006,,AFR,Africa,,NGA,2006,2006,Nigeria,,Not tested/reported,,,,,,
115,IR_ORGANOCHLORINE_EXTENT,Percentage of sites for which organochlorine resistance was reported,https://www.who.int/data/gho/indicator-metadata-registry/imr-details/4563,PUBLISHED,Published,,2007.0,2007,,AFR,Africa,,NGA,2007,2007,Nigeria,,Not tested/reported,,,,,,
116,IR_CARBAMATE_EXTENT,Percentage of sites for which carbamate resistance was reported,https://www.who.int/data/gho/indicator-metadata-registry/imr-details/4564,PUBLISHED,Published,,2002.0,2002,,AFR,Africa,,NGA,2002,2002,Nigeria,,Not tested/reported,,,,,,
117,IR_CARBAMATE_EXTENT,Percentage of sites for which carbamate resistance was reported,https://www.who.int/data/gho/indicator-metadata-registry/imr-details/4564,PUBLISHED,Published,,2004.0,2004,,AFR,Africa,,NGA,2004,2004,Nigeria,,Not tested/reported,,,,,,
118,IR_ORGANOPHOSPHATE_EXTENT,Percentage of sites for which organophosphate resistance was reported,https://www.who.int/data/gho/indicator-metadata-registry/imr-details/4565,PUBLISHED,Published,,2004.0,2004,,AFR,Africa,,NGA,2004,2004,Nigeria,,Not tested/reported,,,,,,
119,IR_ORGANOPHOSPHATE_EXTENT,Percentage of sites for which organophosphate resistance was reported,https://www.who.int/data/gho/indicator-metadata-registry/imr-details/4565,PUBLISHED,Published,,2006.0,2006,,AFR,Africa,,NGA,2006,2006,Nigeria,,Not tested/reported,,,,,,
120,IR_ORGANOPHOSPHATE_EXTENT,Percentage of sites for which organophosphate resistance was reported,https://www.who.int/data/gho/indicator-metadata-registry/imr-details/4565,PUBLISHED,Published,,2000.0,2000,,AFR,Africa,,NGA,2000,2000,Nigeria,,Not tested/reported,,,,,,
121,IR_ORGANOPHOSPHATE_EXTENT,Percentage of sites for which organophosphate resistance was reported,https://www.who.int/data/gho/indicator-metadata-registry/imr-details/4565,PUBLISHED,Published,,2002.0,2002,,AFR,Africa,,NGA,2002,2002,Nigeria,,Not tested/reported,,,,,,
122,IR_ORGANOPHOSPHATE_EXTENT,Percentage of sites for which organophosphate resistance was reported,https://www.who.int/data/gho/indicator-metadata-registry/imr-details/4565,PUBLISHED,Published,,2008.0,2008,,AFR,Africa,,NGA,2008,2008,Nigeria,,Not tested/reported,,,,,,
123,IR_ORGANOPHOSPHATE_EXTENT,Percentage of sites for which organophosphate resistance was reported,https://www.who.int/data/gho/indicator-metadata-registry/imr-details/4565,PUBLISHED,Published,,2010.0,2010,,AFR,Africa,,NGA,2010,2010,Nigeria,,Not tested/reported,,,,,,
124,IR_ORGANOPHOSPHATE_EXTENT,Percentage of sites for which organophosphate resistance was reported,https://www.who.int/data/gho/indicator-metadata-registry/imr-details/4565,PUBLISHED,Published,,2003.0,2003,,AFR,Africa,,NGA,2003,2003,Nigeria,,Not tested/reported,,,,,,
125,IR_ORGANOPHOSPHATE_EXTENT,Percentage of sites for which organophosphate resistance was reported,https://www.who.int/data/gho/indicator-metadata-registry/imr-details/4565,PUBLISHED,Published,,2005.0,2005,,AFR,Africa,,NGA,2005,2005,Nigeria,,Not tested/reported,,,,,,
126,IR_ORGANOPHOSPHATE_EXTENT,Percentage of sites for which organophosphate resistance was reported,https://www.who.int/data/gho/indicator-metadata-registry/imr-details/4565,PUBLISHED,Published,,2007.0,2007,,AFR,Africa,,NGA,2007,2007,Nigeria,,Not tested/reported,,,,,,
127,IR_CARBAMATE_EXTENT,Percentage of sites for which carbamate resistance was reported,https://www.who.int/data/gho/indicator-metadata-registry/imr-details/4564,PUBLISHED,Published,,2014.0,2014,,AFR,Africa,,NGA,2014,2014,Nigeria,,0,0.00000,,,,,
128,IR_INSECTICIDERESISTANCE_PREV,Number of insecticide classes to which resistance was reported,https://www.who.int/data/gho/indicator-metadata-registry/imr-details/4557,PUBLISHED,Published,,2014.0,2014,,AFR,Africa,,NGA,2014,2014,Nigeria,,3,3.00000,,,,,
129,IR_PYRETHROID_EXTENT,Percentage of sites for which pyrethroid resistance was reported,https://www.who.int/data/gho/indicator-metadata-registry/imr-details/4562,PUBLISHED,Published,,2014.0,2014,,AFR,Africa,,NGA,2014,2014,Nigeria,,75,75.00000,,,,,
130,IR_ORGANOPHOSPHATE_EXTENT,Percentage of sites for which organophosphate resistance was reported,https://www.who.int/data/gho/indicator-metadata-registry/imr-details/4565,PUBLISHED,Published,,2014.0,2014,,AFR,Africa,,NGA,2014,2014,Nigeria,,91,90.90909,,,,,
131,IR_ORGANOCHLORINE_EXTENT,Percentage of sites for which organochlorine resistance was reported,https://www.who.int/data/gho/indicator-metadata-registry/imr-details/4563,PUBLISHED,Published,,2014.0,2014,,AFR,Africa,,NGA,2014,2014,Nigeria,,92,91.66667,,,,,
132,IR_CARBAMATE_PRESENCE,Carbamate resistance reported for at least one site,https://www.who.int/data/gho/indicator-metadata-registry/imr-details/4560,PUBLISHED,Published,,2014.0,2014,,AFR,Africa,,NGA,2014,2014,Nigeria,,No,,,,,,
133,IR_ORGANOCHLORINE_PRESENCE,Organochlorine resistance reported for at least one site,https://www.who.int/data/gho/indicator-metadata-registry/imr-details/4559,PUBLISHED,Published,,2014.0,2014,,AFR,Africa,,NGA,2014,2014,Nigeria,,Yes,,,,,,
134,IR_ORGANOPHOSPHATE_PRESENCE,Organophosphate resistance reported for at least one site,https://www.who.int/data/gho/indicator-metadata-registry/imr-details/4561,PUBLISHED,Published,,2014.0,2014,,AFR,Africa,,NGA,2014,2014,Nigeria,,Yes,,,,,,
135,IR_PYRETHROID_PRESENCE,Pyrethroid resistance reported for at least one site,https://www.who.int/data/gho/indicator-metadata-registry/imr-details/4558,PUBLISHED,Published,,2014.0,2014,,AFR,Africa,,NGA,2014,2014,Nigeria,,Yes,,,,,,
136,IR_CARBAMATE_EXTENT,Percentage of sites for which carbamate resistance was reported,https://www.who.int/data/gho/indicator-metadata-registry/imr-details/4564,PUBLISHED,Published,,2015.0,2015,,AFR,Africa,,NGA,2015,2015,Nigeria,,100,100.00000,,,,,
137,IR_CARBAMATE_PRESENCE,Carbamate resistance reported for at least one site,https://www.who.int/data/gho/indicator-metadata-registry/imr-details/4560,PUBLISHED,Published,,2015.0,2015,,AFR,Africa,,NGA,2015,2015,Nigeria,,Yes,,,,,,
138,IR_INSECTICIDERESISTANCE_PREV,Number of insecticide classes to which resistance was reported,https://www.who.int/data/gho/indicator-metadata-registry/imr-details/4557,PUBLISHED,Published,,2015.0,2015,,AFR,Africa,,NGA,2015,2015,Nigeria,,4,4.00000,,,,,
139,IR_ORGANOCHLORINE_EXTENT,Percentage of sites for which organochlorine resistance was reported,https://www.who.int/data/gho/indicator-metadata-registry/imr-details/4563,PUBLISHED,Published,,2015.0,2015,,AFR,Africa,,NGA,2015,2015,Nigeria,,100,100.00000,,,,,
140,IR_ORGANOCHLORINE_PRESENCE,Organochlorine resistance reported for at least one site,https://www.who.int/data/gho/indicator-metadata-registry/imr-details/4559,PUBLISHED,Published,,2015.0,2015,,AFR,Africa,,NGA,2015,2015,Nigeria,,Yes,,,,,,
141,IR_ORGANOPHOSPHATE_EXTENT,Percentage of sites for which organophosphate resistance was reported,https://www.who.int/data/gho/indicator-metadata-registry/imr-details/4565,PUBLISHED,Published,,2015.0,2015,,AFR,Africa,,NGA,2015,2015,Nigeria,,50,50.00000,,,,,
142,IR_ORGANOPHOSPHATE_PRESENCE,Organophosphate resistance reported for at least one site,https://www.who.int/data/gho/indicator-metadata-registry/imr-details/4561,PUBLISHED,Published,,2015.0,2015,,AFR,Africa,,NGA,2015,2015,Nigeria,,Yes,,,,,,
143,IR_PYRETHROID_EXTENT,Percentage of sites for which pyrethroid resistance was reported,https://www.who.int/data/gho/indicator-metadata-registry/imr-details/4562,PUBLISHED,Published,,2015.0,2015,,AFR,Africa,,NGA,2015,2015,Nigeria,,80,80.00000,,,,,
144,IR_PYRETHROID_PRESENCE,Pyrethroid resistance reported for at least one site,https://www.who.int/data/gho/indicator-metadata-registry/imr-details/4558,PUBLISHED,Published,,2015.0,2015,,AFR,Africa,,NGA,2015,2015,Nigeria,,Yes,,,,,,
